account_id,customer_id,account_type,balance
1,1306,Savings,11987.7
2,331,Current,95386.81
3,167,Fixed Deposit,95978.67
4,515,Fixed Deposit,72142.76
5,844,Fixed Deposit,45827.87
6,79,Fixed Deposit,2176.46
7,953,Savings,6773.52
8,233,Current,92494.65
9,409,Savings,40579.81
10,692,Savings,71860.11
11,300,Savings,97218.57
12,157,Fixed Deposit,34649.96
13,329,Fixed Deposit,34383.29
14,909,Savings,61248.74
15,703,Savings,69142.37
16,500,Fixed Deposit,32355.76
17,1449,Current,80346.02
18,1345,Fixed Deposit,61482.01
19,1316,Savings,15034.21
20,1177,Fixed Deposit,71896.31
21,1455,Savings,4089.49
22,1083,Savings,88712.59
23,959,Fixed Deposit,31728.9
24,483,Current,9223.06
25,1218,Current,7670.25
26,601,Savings,81440.22
27,102,Current,11905.22
28,537,Current,5284.93
29,1039,Current,25403.66
30,1113,Current,97453.21
31,386,Fixed Deposit,59118.27
32,600,Current,90524.37
33,554,Fixed Deposit,98566.15
34,309,Fixed Deposit,13102.79
35,868,Savings,58589.08
36,1315,Fixed Deposit,66414.91
37,672,Current,32470.82
38,103,Current,24453.7
39,78,Fixed Deposit,11352.87
40,646,Fixed Deposit,97893.09
41,651,Current,88526.9
42,320,Current,90334.07
43,650,Fixed Deposit,40722.73
44,1330,Savings,46353.09
45,502,Savings,94607.28
46,279,Fixed Deposit,62222.65
47,546,Fixed Deposit,39343.03
48,70,Fixed Deposit,84425.05
49,318,Fixed Deposit,18070.84
50,1031,Savings,86993.59
51,1143,Savings,25690.83
52,1316,Current,84782.63
53,43,Current,79261.69
54,338,Fixed Deposit,47544.79
55,468,Current,5379.29
56,636,Savings,50045.32
57,666,Savings,54123.44
58,686,Fixed Deposit,27255.36
59,1450,Savings,98046.65
60,1006,Fixed Deposit,73822.5
61,236,Current,49194.22
62,1289,Savings,72190.85
63,1406,Current,47454
64,77,Fixed Deposit,72001.02
65,153,Savings,40582.74
66,401,Savings,58284.6
67,1352,Savings,29508.56
68,1167,Fixed Deposit,20471.63
69,970,Fixed Deposit,84392.34
70,492,Current,54686.01
71,1167,Current,60140.19
72,82,Current,87525.95
73,1070,Savings,40367.78
74,656,Savings,10174.11
75,611,Fixed Deposit,99356.83
76,615,Savings,47321.47
77,722,Fixed Deposit,98880.95
78,609,Current,43564.17
79,1212,Savings,91731.19
80,362,Fixed Deposit,99008.17
81,884,Current,11078.23
82,852,Current,7096.2
83,422,Current,19328.18
84,1217,Savings,25900.73
85,553,Current,56353.36
86,291,Savings,80782.44
87,1054,Current,99469.04
88,908,Fixed Deposit,6154.68
89,581,Current,1612.05
90,1255,Current,50982.89
91,334,Fixed Deposit,44825.39
92,1110,Savings,21397.42
93,933,Savings,48171.98
94,216,Fixed Deposit,55813.73
95,13,Fixed Deposit,77098.65
96,606,Savings,33031.72
97,929,Fixed Deposit,78097.92
98,1236,Fixed Deposit,27122
99,1297,Current,28101.93
100,915,Current,42255.49
101,1268,Fixed Deposit,40675.46
102,337,Current,91796.28
103,1063,Fixed Deposit,93764.58
104,694,Savings,29808.04
105,1457,Fixed Deposit,39555
106,1276,Fixed Deposit,18599.75
107,370,Current,81613.25
108,1429,Fixed Deposit,63791.02
109,1257,Fixed Deposit,27856.25
110,139,Savings,85506.27
111,1034,Fixed Deposit,20880.6
112,760,Current,48009.82
113,20,Savings,57129.99
114,540,Fixed Deposit,17974.86
115,436,Fixed Deposit,34055.71
116,1037,Fixed Deposit,41153.27
117,710,Fixed Deposit,23906.24
118,1028,Current,89836.42
119,1126,Current,99126.76
120,844,Fixed Deposit,35965.77
121,1326,Savings,80893.97
122,1067,Savings,15271.19
123,1278,Current,49268.99
124,1470,Savings,89226.91
125,970,Savings,37416.77
126,830,Savings,20616.62
127,253,Fixed Deposit,18746.4
128,1278,Fixed Deposit,6712.82
129,1116,Savings,98340.64
130,1387,Fixed Deposit,92359.34
131,1432,Savings,94104.84
132,353,Fixed Deposit,50190.61
133,1004,Current,34995.52
134,833,Fixed Deposit,29626.64
135,190,Savings,19166.88
136,600,Current,57496.11
137,1055,Current,36738.31
138,213,Fixed Deposit,82134.44
139,840,Savings,4161.28
140,1250,Fixed Deposit,12144.89
141,271,Savings,28066.18
142,1135,Savings,86199.73
143,504,Fixed Deposit,51815.36
144,931,Current,28803.63
145,1494,Savings,10441.91
146,1076,Savings,57477.42
147,161,Fixed Deposit,14799.57
148,1396,Savings,64979.32
149,35,Fixed Deposit,30461.42
150,796,Fixed Deposit,13846.05
151,181,Current,75253.06
152,133,Current,96924.83
153,583,Savings,15480.2
154,1134,Current,30173.91
155,1107,Savings,91056.74
156,107,Fixed Deposit,23841.75
157,665,Savings,47619.92
158,952,Savings,54999.57
159,1292,Current,14454.81
160,297,Current,11673.49
161,74,Current,26845.25
162,448,Savings,50374.66
163,341,Fixed Deposit,79902.69
164,1141,Savings,77123.88
165,934,Savings,30745.96
166,1249,Fixed Deposit,78446.04
167,354,Fixed Deposit,87469.25
168,1300,Fixed Deposit,75911.1
169,13,Savings,15721.34
170,1346,Savings,73082.98
171,742,Fixed Deposit,92854.16
172,559,Fixed Deposit,68958.37
173,113,Savings,61208.59
174,891,Fixed Deposit,96725.89
175,792,Current,6064
176,1353,Fixed Deposit,29422.54
177,51,Current,59193.31
178,324,Current,37262.82
179,10,Current,94127.7
180,921,Current,68420.9
181,1108,Current,38244.42
182,1443,Fixed Deposit,15720.67
183,851,Fixed Deposit,30427.04
184,1484,Current,52267.14
185,1359,Current,24762.67
186,1098,Savings,75330.17
187,1036,Savings,92352.91
188,314,Current,6149.95
189,1202,Current,49604.98
190,288,Current,77215.54
191,380,Savings,50219.13
192,280,Fixed Deposit,14394.78
193,1055,Savings,46815.99
194,722,Current,12152.08
195,306,Savings,80966.53
196,467,Current,51062.24
197,604,Savings,61864.29
198,945,Fixed Deposit,67760.1
199,74,Fixed Deposit,39121.05
200,1234,Savings,46857.78
201,1446,Fixed Deposit,25773.9
202,631,Savings,57989.26
203,578,Fixed Deposit,83887.64
204,697,Current,72743.74
205,1185,Savings,97585.03
206,1223,Savings,60433.17
207,374,Current,32717.78
208,901,Fixed Deposit,31419.35
209,970,Current,54073.2
210,5,Fixed Deposit,20049.44
211,717,Savings,26100.16
212,1129,Fixed Deposit,75328.52
213,1135,Savings,9987.81
214,752,Fixed Deposit,36845.36
215,371,Fixed Deposit,30201.71
216,1098,Fixed Deposit,20089.9
217,1493,Fixed Deposit,31778.19
218,1367,Savings,88195.63
219,143,Current,9009.13
220,458,Current,23903.67
221,1069,Savings,42555.77
222,740,Fixed Deposit,31756.89
223,12,Savings,49693.95
224,129,Savings,75051.98
225,1067,Fixed Deposit,60318.1
226,931,Current,9705.77
227,833,Fixed Deposit,8102.59
228,855,Fixed Deposit,34961.64
229,724,Fixed Deposit,73395.84
230,858,Savings,9639.68
231,81,Fixed Deposit,1723.46
232,568,Current,64105.16
233,1293,Fixed Deposit,17403.76
234,1326,Savings,81675.79
235,945,Current,16671.26
236,1330,Fixed Deposit,30756.53
237,899,Savings,51102.15
238,72,Current,91594.06
239,454,Savings,34395.76
240,595,Savings,95348.2
241,1201,Fixed Deposit,74633.18
242,516,Fixed Deposit,76783.93
243,98,Current,84569.71
244,1016,Current,71283.25
245,225,Fixed Deposit,73948.46
246,1203,Fixed Deposit,79580.86
247,1491,Current,67995.79
248,1074,Current,91548.13
249,308,Current,26264.54
250,1461,Savings,85354.14
251,1105,Fixed Deposit,33580.9
252,413,Current,62895.43
253,102,Fixed Deposit,4469.09
254,1174,Fixed Deposit,80575.68
255,1356,Fixed Deposit,54377.97
256,1394,Current,85777.34
257,194,Current,13480.49
258,261,Fixed Deposit,65289.5
259,1113,Current,89408.53
260,204,Savings,9638.33
261,92,Savings,78378.52
262,283,Savings,65473.56
263,1246,Savings,62260.36
264,415,Savings,97902.72
265,1306,Fixed Deposit,24162.51
266,1190,Savings,81690.08
267,151,Current,97477.89
268,121,Fixed Deposit,63520.41
269,401,Fixed Deposit,18259.8
270,138,Fixed Deposit,50325.14
271,195,Savings,64852.18
272,283,Current,15965.59
273,843,Fixed Deposit,98156.3
274,437,Current,84422.51
275,619,Current,10389.59
276,145,Savings,72078.26
277,1222,Fixed Deposit,63132.71
278,412,Fixed Deposit,9336.32
279,1154,Current,57402.46
280,1400,Savings,45284.65
281,162,Current,36257.23
282,286,Current,15217.13
283,370,Fixed Deposit,8862.19
284,1310,Fixed Deposit,98301.9
285,816,Savings,10522.1
286,769,Fixed Deposit,82059.48
287,595,Savings,47598.65
288,1308,Current,27570.91
289,239,Savings,85819.34
290,53,Current,54020.32
291,814,Fixed Deposit,42743.29
292,781,Fixed Deposit,7671.79
293,501,Current,47790.4
294,1211,Current,7299.25
295,1378,Current,14696.21
296,903,Current,6947.34
297,1445,Savings,22401.13
298,231,Savings,10316.09
299,626,Current,96199.63
300,821,Savings,89255.98
301,1321,Savings,83411.9
302,1064,Fixed Deposit,54405.13
303,896,Current,95110.33
304,108,Savings,88339.69
305,1025,Savings,59104.21
306,1273,Savings,30697.44
307,1118,Savings,97193.35
308,1289,Current,16151.2
309,94,Current,39637.54
310,843,Current,94322.69
311,733,Fixed Deposit,82946.48
312,1380,Savings,19713.31
313,165,Savings,19714.14
314,145,Savings,94640.17
315,743,Current,21887.78
316,1450,Current,85746.25
317,1016,Current,85318.59
318,1064,Current,16154.03
319,329,Fixed Deposit,66360.43
320,743,Savings,64744.75
321,9,Current,84671.81
322,310,Fixed Deposit,55962.32
323,1023,Savings,33477.34
324,1023,Fixed Deposit,28259.56
325,1496,Current,66089.76
326,229,Fixed Deposit,5126.18
327,1321,Current,57068.14
328,98,Fixed Deposit,44737.94
329,505,Fixed Deposit,67971.32
330,317,Savings,33815
331,714,Fixed Deposit,91852.55
332,915,Current,72807.55
333,716,Current,24155.22
334,593,Savings,87757.31
335,812,Current,61723.98
336,379,Current,48681.05
337,930,Current,73153.5
338,724,Fixed Deposit,94022.22
339,1344,Savings,56442.55
340,153,Savings,9430.15
341,1451,Savings,4198.5
342,870,Current,36546.22
343,361,Savings,4993.42
344,924,Savings,71568.36
345,883,Current,87114.85
346,146,Fixed Deposit,79231.94
347,828,Current,78993.45
348,1462,Fixed Deposit,73700.99
349,1294,Current,86909.06
350,89,Fixed Deposit,42696.62
351,1146,Current,34265.14
352,656,Fixed Deposit,34717.01
353,604,Current,77009.65
354,1036,Savings,63995.08
355,444,Savings,77263.53
356,1276,Fixed Deposit,82091.01
357,1152,Current,64281.44
358,784,Savings,7994.65
359,786,Fixed Deposit,1808.51
360,1235,Savings,49560.06
361,627,Savings,12990.73
362,827,Fixed Deposit,46582.19
363,1226,Fixed Deposit,41588.75
364,685,Current,94821.76
365,760,Savings,96738.42
366,959,Fixed Deposit,5510.43
367,751,Current,95257.87
368,230,Fixed Deposit,98582.98
369,709,Current,67508.46
370,974,Fixed Deposit,19163.17
371,1456,Current,19856.96
372,1253,Current,54594.29
373,1165,Savings,43726.11
374,370,Savings,21650.23
375,1226,Current,93556.17
376,37,Fixed Deposit,8952.37
377,244,Savings,54543.14
378,1059,Fixed Deposit,38608.35
379,136,Fixed Deposit,17008.66
380,944,Fixed Deposit,90820.82
381,1076,Fixed Deposit,90781.87
382,684,Savings,37858.23
383,1232,Savings,87972.21
384,125,Current,30679.82
385,1341,Savings,83793.19
386,1330,Fixed Deposit,55255.82
387,273,Savings,51496.1
388,1121,Current,95229.58
389,1261,Savings,19580.04
390,20,Fixed Deposit,42018.85
391,1102,Fixed Deposit,55302.64
392,343,Savings,63307.28
393,79,Current,22196.28
394,1057,Current,93154.17
395,409,Savings,71223.03
396,1454,Current,17197.61
397,973,Fixed Deposit,95338.64
398,34,Current,42971.28
399,1166,Savings,46057.81
400,84,Fixed Deposit,55228.28
401,840,Current,61408.72
402,15,Fixed Deposit,90244.86
403,1008,Current,65676.31
404,1276,Fixed Deposit,90056.42
405,1142,Fixed Deposit,11243.65
406,67,Current,79248.54
407,1010,Fixed Deposit,83361.52
408,467,Fixed Deposit,67462.92
409,26,Current,48791.78
410,317,Savings,92255.86
411,790,Savings,39892.2
412,1079,Current,97174.12
413,129,Savings,64501.35
414,1152,Fixed Deposit,1652.85
415,872,Savings,1716.47
416,697,Fixed Deposit,32227.73
417,659,Fixed Deposit,97658.37
418,386,Fixed Deposit,48601.41
419,356,Current,72532.2
420,43,Current,83467.16
421,1487,Current,11515.5
422,202,Current,69595.83
423,628,Savings,6530.09
424,912,Savings,31241.64
425,618,Savings,77155.08
426,431,Current,88030.54
427,360,Current,3199.51
428,1269,Current,49415.96
429,173,Fixed Deposit,22643.58
430,296,Current,25779.26
431,849,Fixed Deposit,80360.88
432,1238,Current,54043.46
433,1135,Savings,92574.25
434,519,Current,71823.09
435,778,Current,2706.06
436,146,Current,53567.08
437,59,Fixed Deposit,42107.9
438,467,Fixed Deposit,62824.26
439,1140,Fixed Deposit,20979.6
440,599,Current,66310.49
441,1073,Savings,6289.13
442,916,Savings,88399.22
443,977,Savings,67552.3
444,937,Current,38380.81
445,336,Current,46460.42
446,371,Savings,19065.51
447,78,Fixed Deposit,41609.04
448,1150,Current,79428.02
449,44,Fixed Deposit,30553.43
450,1393,Savings,26915.71
451,382,Fixed Deposit,29111.35
452,821,Fixed Deposit,63929.18
453,50,Fixed Deposit,73809.28
454,863,Savings,24094.91
455,708,Current,81124.42
456,790,Fixed Deposit,39921.87
457,928,Current,90765.04
458,1178,Savings,43995.45
459,666,Current,54289.51
460,1256,Current,59937.31
461,489,Savings,80581
462,952,Fixed Deposit,70923.68
463,632,Current,51385.02
464,483,Fixed Deposit,91171.5
465,897,Current,87510.57
466,748,Fixed Deposit,67458.92
467,1046,Savings,80629.98
468,386,Fixed Deposit,33092.63
469,832,Savings,1500.9
470,282,Current,26887.61
471,998,Savings,7042.43
472,152,Current,66042.26
473,1466,Savings,73029.7
474,849,Current,32260.03
475,102,Savings,39123.01
476,1318,Fixed Deposit,72101.92
477,404,Fixed Deposit,47232.09
478,575,Current,3431.19
479,1450,Savings,60160.14
480,1471,Savings,44249.09
481,1403,Current,19094.87
482,305,Fixed Deposit,67218.35
483,766,Current,67394.94
484,502,Current,3215.12
485,63,Fixed Deposit,64024.03
486,504,Current,49535.54
487,1055,Savings,37674.11
488,486,Current,53490.94
489,1254,Fixed Deposit,52283.8
490,589,Fixed Deposit,4479.76
491,649,Current,64017.88
492,932,Savings,91214.07
493,1343,Savings,69139.91
494,1316,Fixed Deposit,45552.12
495,399,Current,57996.77
496,520,Fixed Deposit,15565.18
497,947,Savings,11972.32
498,1265,Savings,46447.16
499,891,Fixed Deposit,6439.24
500,590,Savings,34176.43
501,589,Fixed Deposit,44225.44
502,841,Savings,16736.79
503,625,Current,36462.78
504,472,Fixed Deposit,20208.04
505,1020,Current,36669.39
506,1455,Savings,59819.47
507,982,Savings,89067.06
508,574,Savings,20695.67
509,442,Savings,23931.01
510,650,Fixed Deposit,11980.84
511,808,Fixed Deposit,25871.65
512,130,Savings,18306.33
513,692,Fixed Deposit,47637.18
514,496,Savings,80109.37
515,571,Current,14467.2
516,949,Fixed Deposit,21471.96
517,1485,Fixed Deposit,5908.36
518,441,Fixed Deposit,79323.86
519,244,Current,68836.59
520,1415,Current,48002.89
521,97,Current,25680.79
522,133,Current,26023.66
523,720,Fixed Deposit,95407.75
524,424,Current,78977.41
525,58,Current,48159.82
526,120,Savings,26703.83
527,566,Savings,43520.02
528,1332,Savings,17431.4
529,1232,Savings,79025.62
530,1279,Fixed Deposit,67028.02
531,233,Current,99820.95
532,374,Savings,80345.29
533,1345,Current,88645.44
534,1206,Savings,38487.66
535,319,Savings,14078.79
536,657,Fixed Deposit,13569.44
537,763,Fixed Deposit,17333.2
538,1072,Fixed Deposit,29474.79
539,365,Current,7930.61
540,116,Savings,9508.47
541,707,Fixed Deposit,43700.49
542,588,Current,78028.06
543,1320,Fixed Deposit,79763.27
544,891,Savings,70813.93
545,1207,Savings,75439.4
546,544,Current,54980.3
547,910,Fixed Deposit,45415.43
548,176,Current,53893.19
549,964,Savings,31728.2
550,871,Savings,2643.69
551,1446,Savings,27609.46
552,998,Current,13839.86
553,1043,Savings,93198.8
554,1004,Fixed Deposit,2382.43
555,893,Fixed Deposit,13367.59
556,1221,Current,77930.13
557,1438,Savings,24721.43
558,1085,Savings,72584.58
559,299,Fixed Deposit,93953.03
560,369,Current,5393.12
561,524,Current,34651.4
562,1126,Savings,63501.82
563,1091,Savings,82135.69
564,907,Current,34971.61
565,818,Fixed Deposit,24515.12
566,893,Fixed Deposit,72230.41
567,318,Savings,52970.51
568,1425,Current,37512.52
569,698,Current,19720.03
570,600,Fixed Deposit,17262.32
571,842,Fixed Deposit,54590.97
572,363,Fixed Deposit,21641.16
573,583,Fixed Deposit,74539.95
574,1334,Fixed Deposit,81991.25
575,671,Fixed Deposit,96079.58
576,97,Savings,20300.27
577,1478,Current,52041.33
578,1495,Current,99694.08
579,286,Fixed Deposit,72457.86
580,476,Current,82711.02
581,322,Current,32173.28
582,968,Savings,99008.19
583,782,Current,3718.95
584,1252,Savings,26156.38
585,455,Savings,45304.89
586,1043,Current,56113.26
587,737,Current,86173.66
588,864,Fixed Deposit,15724.02
589,816,Current,92709.56
590,1204,Savings,86430.62
591,614,Current,10390.9
592,937,Savings,47014.56
593,1356,Fixed Deposit,50963.18
594,727,Savings,37509.32
595,577,Current,55526.14
596,300,Savings,34104.5
597,729,Savings,54772.13
598,129,Savings,90170.93
599,923,Fixed Deposit,44568.1
600,1307,Savings,38500.97
601,10,Current,21368.56
602,144,Savings,57365.09
603,12,Savings,36186.73
604,85,Fixed Deposit,80845.03
605,387,Fixed Deposit,18072.51
606,1492,Fixed Deposit,96791.01
607,1058,Savings,31810.36
608,1382,Fixed Deposit,15180.48
609,1398,Current,8295.99
610,409,Savings,1999.38
611,306,Fixed Deposit,87830.13
612,442,Savings,77578.14
613,1259,Current,27375.24
614,593,Fixed Deposit,70110.48
615,239,Fixed Deposit,80367.95
616,1324,Current,25213.04
617,493,Savings,60955.86
618,280,Fixed Deposit,34460.43
619,664,Savings,17901.11
620,598,Fixed Deposit,57010.43
621,938,Fixed Deposit,96498.34
622,177,Fixed Deposit,34367.84
623,1245,Fixed Deposit,73740.74
624,76,Savings,77702.04
625,1340,Savings,50812.12
626,33,Savings,97072.84
627,656,Current,25593.65
628,870,Fixed Deposit,79770.85
629,629,Fixed Deposit,20668.98
630,603,Current,5347.12
631,49,Current,25261.18
632,1100,Current,36082.91
633,595,Current,93426.24
634,763,Fixed Deposit,40750.07
635,677,Fixed Deposit,26283.05
636,1484,Savings,5246.94
637,442,Fixed Deposit,57669.7
638,461,Savings,95676.93
639,912,Savings,27731.21
640,283,Savings,39842
641,309,Fixed Deposit,58008.09
642,530,Fixed Deposit,3460.81
643,1471,Current,72361.29
644,1249,Current,96295.07
645,599,Fixed Deposit,86968.95
646,333,Current,13452.61
647,914,Savings,71623.15
648,321,Savings,37299.95
649,1091,Fixed Deposit,96481.75
650,475,Fixed Deposit,5716.94
651,157,Fixed Deposit,11597.48
652,232,Current,96948.48
653,1472,Fixed Deposit,30295.77
654,641,Fixed Deposit,43427.56
655,1140,Fixed Deposit,67689.53
656,480,Current,97554.16
657,329,Fixed Deposit,28291.04
658,166,Fixed Deposit,12376.99
659,545,Savings,25007.85
660,523,Fixed Deposit,7227.81
661,153,Fixed Deposit,26100.32
662,662,Current,32963.56
663,899,Fixed Deposit,14621.71
664,911,Savings,73406.46
665,600,Current,37390.77
666,986,Savings,28099.44
667,643,Savings,68321.3
668,909,Savings,52011.61
669,1033,Current,16408.51
670,111,Current,5046.85
671,1474,Savings,6866.74
672,1085,Current,49255.51
673,222,Current,4358.58
674,709,Current,68685.82
675,1054,Savings,37881.75
676,614,Savings,31777.66
677,966,Fixed Deposit,32712.73
678,546,Fixed Deposit,50064.08
679,485,Savings,73415.38
680,1381,Fixed Deposit,8968.42
681,1199,Fixed Deposit,5625.93
682,791,Current,73082.55
683,1474,Savings,24939.18
684,961,Fixed Deposit,64810.05
685,64,Current,94606.44
686,122,Fixed Deposit,84187.49
687,1135,Savings,90685.08
688,1400,Fixed Deposit,65121.99
689,232,Current,10248.47
690,1421,Fixed Deposit,33273.32
691,1094,Fixed Deposit,16257.64
692,76,Current,52591.24
693,212,Savings,86965.14
694,1364,Fixed Deposit,74538.63
695,613,Current,62862.07
696,631,Savings,58714.18
697,593,Savings,11842.04
698,1176,Fixed Deposit,23781.51
699,620,Fixed Deposit,33095.27
700,288,Fixed Deposit,6459.48
701,1436,Fixed Deposit,65155.22
702,1415,Current,53934.06
703,1267,Fixed Deposit,68780
704,851,Savings,66332.54
705,482,Fixed Deposit,54088.62
706,1133,Current,26142.85
707,1319,Fixed Deposit,27922.9
708,541,Fixed Deposit,31278.85
709,223,Current,8549.14
710,692,Fixed Deposit,98217.51
711,228,Fixed Deposit,92801.4
712,423,Savings,8393.92
713,102,Savings,65303.3
714,515,Current,54257.38
715,1150,Savings,82196.19
716,279,Current,12826.21
717,868,Savings,89566.08
718,2,Savings,40094.47
719,1034,Current,78830.78
720,52,Savings,8596.77
721,1380,Fixed Deposit,78334.24
722,301,Current,35273.73
723,728,Fixed Deposit,11269.12
724,201,Savings,86087.53
725,31,Current,93603.76
726,1446,Current,32755.2
727,657,Fixed Deposit,2247.09
728,254,Fixed Deposit,51286.42
729,633,Savings,37649.44
730,34,Current,95069.7
731,26,Savings,1691.07
732,35,Savings,5185.44
733,1461,Current,63361.59
734,1092,Current,83964.94
735,1492,Savings,57355.53
736,831,Current,67310.01
737,1467,Fixed Deposit,46339.98
738,342,Current,64266.69
739,960,Current,88280.29
740,1306,Current,37079.45
741,313,Fixed Deposit,16821.32
742,1096,Current,14919.24
743,1305,Savings,73219.4
744,1448,Current,34660.34
745,1158,Current,62953.48
746,1016,Current,31371.27
747,850,Current,31378.8
748,447,Fixed Deposit,42575.23
749,607,Current,26914.72
750,607,Current,40071.71
751,1044,Fixed Deposit,87210.48
752,519,Fixed Deposit,28219.11
753,163,Current,42936.14
754,1460,Current,84033.4
755,213,Savings,38496.91
756,1040,Savings,31445.32
757,214,Current,81088.99
758,727,Fixed Deposit,72814.4
759,545,Current,70410.15
760,835,Current,68388.29
761,211,Fixed Deposit,33051.7
762,1080,Fixed Deposit,60633.97
763,1180,Fixed Deposit,97214.43
764,699,Savings,67919.4
765,1459,Fixed Deposit,59781.04
766,996,Current,51824.77
767,901,Current,21460.95
768,1311,Fixed Deposit,18130.52
769,791,Savings,8057.25
770,841,Savings,12598.9
771,945,Fixed Deposit,77965.6
772,668,Savings,8290.81
773,1391,Fixed Deposit,7907.42
774,1471,Savings,58856.71
775,655,Current,34887.36
776,1218,Savings,17838.03
777,1131,Savings,4610.13
778,1378,Savings,89950.71
779,507,Savings,36859.62
780,418,Savings,55278.56
781,671,Current,71730.34
782,404,Fixed Deposit,9658.55
783,717,Fixed Deposit,18250.47
784,264,Savings,36633.39
785,817,Fixed Deposit,1506.19
786,873,Current,81610.88
787,1032,Current,37941.96
788,1170,Savings,6680.45
789,84,Savings,76877.85
790,1200,Savings,50528.04
791,589,Fixed Deposit,10529.71
792,1081,Current,42323.13
793,560,Savings,83931.24
794,37,Fixed Deposit,70185.03
795,1293,Savings,72077.06
796,399,Current,5076.13
797,109,Current,24126.14
798,11,Savings,72352.89
799,968,Fixed Deposit,9574.5
800,943,Current,50617.54
801,783,Savings,33456.14
802,584,Current,86097.88
803,548,Fixed Deposit,20270.3
804,1093,Fixed Deposit,97431.11
805,357,Fixed Deposit,66125.2
806,782,Fixed Deposit,56357.25
807,749,Savings,3306.39
808,577,Current,81237.76
809,647,Current,58776.65
810,76,Savings,68586.37
811,551,Fixed Deposit,2779.55
812,1313,Savings,82125.5
813,1463,Fixed Deposit,91263.03
814,109,Fixed Deposit,43288.21
815,1224,Savings,28319.24
816,843,Current,36426.25
817,1354,Savings,77353.32
818,1299,Current,58090.73
819,390,Fixed Deposit,65797.42
820,759,Current,29538.23
821,39,Savings,75882.99
822,1390,Savings,86675.41
823,1093,Fixed Deposit,80277.66
824,92,Current,92409.46
825,151,Current,84633.47
826,1408,Current,44715.27
827,1010,Savings,96407.59
828,1401,Current,88173.49
829,62,Current,1023.07
830,1028,Savings,31335.63
831,1471,Savings,29813.16
832,1355,Fixed Deposit,37271.15
833,1038,Current,38331.41
834,79,Savings,86886.02
835,673,Fixed Deposit,21016.63
836,168,Fixed Deposit,18920.37
837,394,Savings,27071.72
838,808,Savings,29075.01
839,1297,Current,80055.49
840,1188,Current,8031.26
841,1361,Fixed Deposit,79233.19
842,1444,Savings,51340.72
843,949,Current,71357.46
844,1175,Fixed Deposit,33642.63
845,1287,Savings,28118.75
846,255,Current,33399.61
847,1130,Current,66262.27
848,1327,Fixed Deposit,8515.2
849,1254,Current,48016.71
850,424,Current,24949.24
851,1266,Current,12572.29
852,921,Fixed Deposit,17094.24
853,304,Fixed Deposit,43956.48
854,1450,Savings,67655.12
855,1251,Savings,81761.02
856,167,Fixed Deposit,5745.82
857,1008,Fixed Deposit,20757.51
858,964,Savings,91071.92
859,1139,Current,59823.44
860,847,Fixed Deposit,63720.4
861,979,Current,99723.75
862,1455,Savings,44597.75
863,1480,Fixed Deposit,97568.62
864,1272,Savings,47115.32
865,788,Fixed Deposit,92835.87
866,1447,Current,20622.63
867,1373,Savings,65741.28
868,306,Current,68985.91
869,549,Current,6594.88
870,1265,Fixed Deposit,68357.37
871,1476,Fixed Deposit,55631.79
872,747,Fixed Deposit,3675.72
873,1148,Fixed Deposit,40782.07
874,616,Fixed Deposit,1327.42
875,652,Fixed Deposit,96771.22
876,28,Current,11870.49
877,1331,Current,21741.98
878,1167,Savings,13485.68
879,1006,Current,70161.6
880,424,Fixed Deposit,73186.41
881,349,Fixed Deposit,56472.1
882,1273,Savings,23824.74
883,959,Fixed Deposit,97444.92
884,808,Fixed Deposit,34186.75
885,1493,Fixed Deposit,81353.03
886,932,Savings,13459.9
887,1114,Current,63898.79
888,395,Fixed Deposit,64524.91
889,948,Savings,89169.53
890,134,Fixed Deposit,15790.24
891,58,Fixed Deposit,91975.3
892,879,Savings,23026.61
893,433,Fixed Deposit,56891.34
894,166,Fixed Deposit,18000.63
895,684,Fixed Deposit,17501.74
896,551,Savings,15071.73
897,588,Savings,34827.08
898,1384,Savings,25604.76
899,1378,Current,56341.41
900,895,Savings,57486.4
901,725,Fixed Deposit,84100.88
902,1127,Current,90004.91
903,788,Current,26292.99
904,1379,Savings,55951.37
905,413,Savings,63929.6
906,1328,Current,29024.01
907,817,Savings,89729.12
908,1252,Current,79824.4
909,779,Fixed Deposit,54385.43
910,983,Savings,25715.66
911,1118,Current,27716.56
912,512,Fixed Deposit,31232.7
913,58,Current,36749.47
914,1315,Savings,58433.08
915,825,Current,86891.5
916,293,Savings,15528.62
917,421,Current,44179.26
918,456,Fixed Deposit,51948.97
919,748,Savings,26329.36
920,258,Current,62132.44
921,936,Fixed Deposit,27389.26
922,301,Current,18866.57
923,180,Current,92776.52
924,438,Savings,13893.36
925,428,Fixed Deposit,80203.51
926,841,Fixed Deposit,49917.71
927,872,Savings,97951.52
928,218,Fixed Deposit,6772.06
929,39,Current,26998.74
930,1309,Fixed Deposit,58486.31
931,123,Fixed Deposit,94568.91
932,568,Current,79977.47
933,850,Savings,44948.23
934,1387,Fixed Deposit,61826.53
935,1055,Fixed Deposit,14094.13
936,603,Fixed Deposit,14392.22
937,837,Fixed Deposit,16591.97
938,1402,Fixed Deposit,4133.91
939,323,Fixed Deposit,99974.01
940,1317,Current,84734.97
941,635,Fixed Deposit,49702.52
942,795,Fixed Deposit,3560.37
943,283,Fixed Deposit,3216.39
944,25,Savings,2187.38
945,601,Savings,54047.01
946,1390,Fixed Deposit,83922.18
947,1078,Current,48872.79
948,213,Fixed Deposit,77890.23
949,1092,Savings,67216.88
950,563,Current,7269.84
951,1011,Savings,6845.78
952,336,Savings,54836.82
953,542,Savings,19070.37
954,347,Current,91369.98
955,435,Current,87780.28
956,450,Savings,68416.5
957,1124,Current,64311.66
958,712,Savings,32838.05
959,149,Savings,21125.53
960,964,Fixed Deposit,47043.28
961,419,Savings,68684.14
962,1081,Savings,29284.39
963,1364,Current,30102.28
964,367,Savings,18455.97
965,1411,Current,86798.98
966,290,Savings,35934.55
967,237,Fixed Deposit,52843.99
968,280,Savings,75106.71
969,405,Fixed Deposit,93072.57
970,355,Fixed Deposit,74300.86
971,209,Fixed Deposit,81483.52
972,1324,Savings,44360.75
973,717,Current,77451.32
974,163,Savings,21330.62
975,293,Current,16073.71
976,740,Fixed Deposit,44162.21
977,14,Savings,85353.26
978,216,Savings,7818.14
979,1359,Fixed Deposit,66737.86
980,1163,Fixed Deposit,1588.21
981,1135,Current,16257.63
982,1405,Current,86598.61
983,162,Current,77385.7
984,696,Current,11397.34
985,1148,Fixed Deposit,22723.2
986,709,Fixed Deposit,15582.21
987,309,Savings,43747.39
988,998,Current,83853.07
989,1230,Savings,74304.95
990,745,Current,2131.75
991,977,Current,33080.19
992,361,Savings,66076.37
993,1315,Fixed Deposit,56588.51
994,1422,Savings,23953.54
995,1367,Fixed Deposit,28109.52
996,447,Fixed Deposit,2490.27
997,1054,Current,75308.14
998,606,Savings,2992.32
999,1072,Current,10610
1000,349,Savings,36678.01
1001,355,Savings,91389.25
1002,688,Savings,60624.64
1003,711,Current,19459.23
1004,617,Fixed Deposit,92400.2
1005,1201,Savings,85263.3
1006,879,Current,80139.53
1007,440,Current,18610.55
1008,311,Fixed Deposit,15938.97
1009,1300,Current,48668.28
1010,253,Fixed Deposit,50012.65
1011,975,Current,65773.59
1012,385,Fixed Deposit,32803.91
1013,854,Fixed Deposit,95505.3
1014,674,Savings,20544.45
1015,1097,Savings,62878.84
1016,578,Current,80887.26
1017,191,Savings,49648.1
1018,589,Fixed Deposit,96078.24
1019,1062,Fixed Deposit,91493.92
1020,68,Savings,25027.4
1021,1265,Savings,72900.26
1022,1489,Fixed Deposit,42699.43
1023,246,Current,65248.39
1024,698,Current,10450.47
1025,594,Current,61908.32
1026,584,Savings,44220.21
1027,485,Current,18560.55
1028,528,Fixed Deposit,22008.03
1029,1491,Fixed Deposit,9156.83
1030,251,Savings,57605.85
1031,784,Current,82750.72
1032,9,Fixed Deposit,47717.4
1033,517,Fixed Deposit,50520.38
1034,168,Fixed Deposit,22530.19
1035,1072,Fixed Deposit,21865.54
1036,1168,Fixed Deposit,97617.73
1037,542,Savings,2430.76
1038,818,Savings,64210.1
1039,380,Fixed Deposit,67934.22
1040,1263,Current,40717.35
1041,1200,Savings,36710.27
1042,1262,Current,4761.97
1043,1108,Current,69510.81
1044,1440,Current,39749
1045,759,Fixed Deposit,5436.39
1046,320,Savings,95097.26
1047,520,Fixed Deposit,72213.94
1048,1251,Fixed Deposit,77360.87
1049,329,Savings,19382.36
1050,1215,Current,50768.39
1051,87,Fixed Deposit,80523.21
1052,484,Savings,89088.1
1053,379,Savings,46703.14
1054,993,Fixed Deposit,57499.17
1055,796,Current,31547.61
1056,49,Savings,61279.79
1057,327,Current,77412.72
1058,1371,Savings,54727.07
1059,660,Fixed Deposit,6843.53
1060,487,Savings,87928.5
1061,531,Fixed Deposit,69464.83
1062,1058,Fixed Deposit,37151.23
1063,591,Current,31025.88
1064,320,Savings,45119.59
1065,1413,Savings,6206.05
1066,1139,Current,87465.61
1067,1460,Savings,39514.76
1068,403,Fixed Deposit,58673.81
1069,520,Fixed Deposit,51246.12
1070,1358,Savings,56422.66
1071,965,Current,31815.53
1072,39,Fixed Deposit,70379.08
1073,375,Savings,58469.49
1074,1279,Current,12458.69
1075,541,Fixed Deposit,93509.9
1076,321,Current,22008.23
1077,276,Savings,33215.75
1078,791,Current,98680.58
1079,108,Fixed Deposit,96064.84
1080,1008,Savings,41009.01
1081,429,Fixed Deposit,85270.21
1082,547,Savings,54180.04
1083,1482,Fixed Deposit,44973.97
1084,411,Savings,85504.83
1085,633,Savings,12018.6
1086,257,Savings,11303.14
1087,626,Fixed Deposit,28238.47
1088,558,Current,26245.03
1089,1070,Savings,39050.81
1090,795,Savings,76932.98
1091,988,Current,66235.22
1092,655,Fixed Deposit,81217.81
1093,1011,Fixed Deposit,98899.38
1094,380,Savings,76612.01
1095,1179,Savings,54518.97
1096,779,Savings,79430.91
1097,963,Savings,37687.43
1098,1303,Current,20315.81
1099,1066,Current,42827.13
1100,338,Savings,41985.21
1101,241,Fixed Deposit,73934.22
1102,599,Current,15922.85
1103,738,Savings,11623.62
1104,7,Savings,35731.04
1105,415,Savings,40159.67
1106,74,Current,21361.21
1107,881,Savings,1926.2
1108,643,Fixed Deposit,92308.24
1109,815,Fixed Deposit,18142.1
1110,706,Savings,14218.43
1111,1002,Savings,77779.74
1112,1035,Current,12775.89
1113,265,Savings,80849.9
1114,601,Current,81607.2
1115,1186,Fixed Deposit,54815.95
1116,1205,Savings,19123.94
1117,1438,Savings,62114.4
1118,336,Fixed Deposit,88349.11
1119,1433,Fixed Deposit,74434.79
1120,623,Savings,95131.87
1121,1000,Fixed Deposit,12018.95
1122,1034,Savings,73341.86
1123,528,Current,38968.04
1124,675,Current,78286.31
1125,732,Savings,94760.31
1126,196,Current,99616.98
1127,15,Savings,16507.3
1128,260,Savings,70318.07
1129,173,Savings,37900.94
1130,226,Fixed Deposit,56439.14
1131,1416,Fixed Deposit,52959.31
1132,68,Fixed Deposit,39941.12
1133,926,Current,63258.08
1134,420,Savings,7495.25
1135,1176,Savings,29900.2
1136,142,Fixed Deposit,3286.23
1137,128,Savings,91298.02
1138,476,Fixed Deposit,36011.06
1139,1446,Fixed Deposit,83211.25
1140,571,Savings,7693.94
1141,55,Fixed Deposit,96161.29
1142,436,Fixed Deposit,22950.28
1143,904,Savings,39711
1144,374,Savings,86819.87
1145,868,Savings,96846.15
1146,416,Fixed Deposit,90162.73
1147,1101,Savings,78329.9
1148,590,Current,51967
1149,577,Savings,91925.56
1150,477,Savings,83782.07
1151,1327,Current,67817.81
1152,1280,Current,48157.07
1153,330,Savings,80423.13
1154,1276,Current,96941.42
1155,370,Fixed Deposit,4677.17
1156,340,Current,24894.66
1157,911,Current,18367.92
1158,346,Savings,65937.93
1159,914,Current,60054.55
1160,139,Savings,3459.3
1161,84,Fixed Deposit,34172.87
1162,50,Current,74794.09
1163,173,Current,12247.56
1164,910,Fixed Deposit,20591.43
1165,119,Savings,38527.6
1166,571,Fixed Deposit,49996.52
1167,642,Savings,57196.9
1168,596,Savings,9485.61
1169,166,Fixed Deposit,61312.24
1170,1056,Savings,25801.76
1171,643,Current,5577.06
1172,779,Current,28347.5
1173,97,Current,26034.12
1174,581,Fixed Deposit,48206.57
1175,1149,Fixed Deposit,57985.57
1176,1275,Fixed Deposit,69636.09
1177,326,Savings,81598.15
1178,158,Current,44707.73
1179,473,Current,20892.15
1180,923,Current,75384.91
1181,1158,Current,5812.19
1182,511,Savings,20829.4
1183,1,Current,45400.68
1184,521,Fixed Deposit,2720.78
1185,321,Fixed Deposit,13616.66
1186,244,Fixed Deposit,55546.41
1187,13,Current,27698.78
1188,105,Fixed Deposit,4520.42
1189,103,Fixed Deposit,52213
1190,317,Fixed Deposit,64498.08
1191,1367,Current,91330.29
1192,1058,Current,30151.84
1193,230,Fixed Deposit,75759.5
1194,250,Current,1758.31
1195,78,Savings,51186.42
1196,1306,Current,38803.41
1197,1345,Fixed Deposit,54924.49
1198,1488,Fixed Deposit,17290.8
1199,216,Current,22640.85
1200,941,Current,48926.14
1201,465,Fixed Deposit,95185.64
1202,1012,Fixed Deposit,75196.6
1203,1349,Savings,92534.68
1204,185,Fixed Deposit,76631.76
1205,767,Current,5204.66
1206,562,Fixed Deposit,48418.95
1207,1328,Fixed Deposit,11320.9
1208,1039,Current,2237.26
1209,1078,Fixed Deposit,12808.93
1210,1050,Fixed Deposit,68538.27
1211,1376,Current,96384.67
1212,407,Fixed Deposit,68924.42
1213,1062,Savings,2089.2
1214,290,Fixed Deposit,22997.19
1215,585,Current,36399.5
1216,991,Savings,27430.43
1217,140,Current,28809.72
1218,1307,Savings,25994.25
1219,1134,Fixed Deposit,25074.76
1220,1458,Current,70133.76
1221,211,Current,29319.45
1222,1433,Fixed Deposit,19389.33
1223,1015,Current,79447.24
1224,327,Current,42264.4
1225,934,Fixed Deposit,77664.03
1226,299,Fixed Deposit,90170.93
1227,782,Savings,94727.16
1228,827,Savings,45225.48
1229,1013,Current,95067.71
1230,763,Current,16025.27
1231,529,Savings,38251.25
1232,892,Current,55732.88
1233,1044,Current,72141.39
1234,40,Current,49835.15
1235,726,Current,55970.28
1236,365,Fixed Deposit,8133.49
1237,315,Fixed Deposit,88679.55
1238,361,Current,57874.81
1239,1032,Fixed Deposit,42268.13
1240,1450,Current,8905.6
1241,1111,Fixed Deposit,48494.41
1242,809,Savings,4161.8
1243,1239,Savings,77060.33
1244,1335,Fixed Deposit,7385.42
1245,406,Fixed Deposit,51429.54
1246,1228,Current,81101.11
1247,219,Current,33481.04
1248,835,Savings,51616.96
1249,813,Fixed Deposit,17659.74
1250,203,Current,39113.83
1251,662,Current,33808.82
1252,1261,Current,88801.07
1253,1181,Current,94047.9
1254,581,Current,72510.56
1255,1024,Current,67855.25
1256,278,Current,93428.17
1257,925,Fixed Deposit,4877.15
1258,914,Current,49591.42
1259,414,Savings,59951.19
1260,882,Savings,58970.9
1261,829,Savings,46373.82
1262,1402,Fixed Deposit,99975.52
1263,286,Fixed Deposit,6018.45
1264,1351,Fixed Deposit,20431.42
1265,924,Fixed Deposit,65275.88
1266,638,Savings,8803.66
1267,650,Fixed Deposit,18984.49
1268,219,Fixed Deposit,69829.02
1269,1420,Fixed Deposit,73319.61
1270,693,Savings,32186.54
1271,150,Current,15226.41
1272,399,Fixed Deposit,18672.81
1273,1458,Current,44507.58
1274,628,Current,7977.78
1275,975,Fixed Deposit,64640.74
1276,262,Fixed Deposit,90685.76
1277,660,Current,71327.65
1278,492,Current,7677.87
1279,974,Fixed Deposit,98927.05
1280,236,Savings,81033.32
1281,730,Current,72866.98
1282,147,Current,46522.97
1283,644,Current,39153.3
1284,300,Savings,32281.16
1285,1143,Savings,85366.41
1286,230,Savings,93589.68
1287,983,Fixed Deposit,4407.51
1288,690,Current,61357.07
1289,617,Fixed Deposit,68765.09
1290,1117,Savings,19506.03
1291,1497,Fixed Deposit,33186.61
1292,71,Current,19411.65
1293,1448,Current,56787.55
1294,193,Fixed Deposit,64171.57
1295,412,Fixed Deposit,46071.31
1296,596,Savings,39804.05
1297,643,Fixed Deposit,94879.92
1298,1067,Savings,10808.69
1299,1329,Current,33868.47
1300,1029,Fixed Deposit,85605.27
1301,396,Current,76898.29
1302,556,Fixed Deposit,14068.73
1303,1196,Savings,27806.5
1304,323,Current,90724.39
1305,1385,Current,42746.4
1306,844,Fixed Deposit,88390.48
1307,1089,Savings,6721.57
1308,812,Fixed Deposit,82289.6
1309,192,Fixed Deposit,85187.04
1310,913,Current,14370.93
1311,449,Savings,67048.46
1312,3,Current,89428.22
1313,967,Current,29635.04
1314,309,Fixed Deposit,61682.62
1315,785,Fixed Deposit,32591.67
1316,459,Savings,3213.6
1317,954,Current,49724.13
1318,1168,Savings,16658.98
1319,698,Savings,34919.53
1320,688,Savings,91582.21
1321,917,Savings,93670.98
1322,1245,Savings,59936.31
1323,492,Fixed Deposit,92550.2
1324,762,Current,53855.57
1325,1031,Savings,39005.7
1326,67,Savings,44524.63
1327,474,Fixed Deposit,78604.22
1328,45,Fixed Deposit,21173.92
1329,817,Current,40140.12
1330,450,Savings,87047.89
1331,821,Savings,55079.72
1332,1392,Current,37314.28
1333,196,Fixed Deposit,69297.72
1334,163,Savings,75495.3
1335,1114,Current,86581.92
1336,1274,Current,41742
1337,625,Fixed Deposit,44365.8
1338,611,Savings,53299.51
1339,278,Fixed Deposit,52855.47
1340,499,Current,18154.39
1341,512,Current,77193.1
1342,1486,Current,42120.49
1343,750,Savings,50005.84
1344,1089,Current,47833.49
1345,610,Fixed Deposit,39202.47
1346,43,Current,17371.09
1347,269,Savings,88228.69
1348,943,Current,22273.72
1349,477,Current,1819.93
1350,568,Savings,88069.64
1351,1163,Savings,67832.44
1352,88,Current,19253.13
1353,727,Savings,88068.49
1354,954,Current,62577.36
1355,3,Savings,71111.43
1356,568,Savings,61703.21
1357,1086,Fixed Deposit,91686.87
1358,554,Fixed Deposit,95921.23
1359,662,Savings,22464.39
1360,1326,Fixed Deposit,26756.51
1361,212,Savings,22922.43
1362,1307,Fixed Deposit,3437.66
1363,84,Fixed Deposit,29836.17
1364,440,Current,50548.74
1365,827,Current,99990.98
1366,889,Current,31964.7
1367,18,Savings,76581.88
1368,757,Savings,5403.32
1369,1454,Savings,33837.87
1370,997,Current,77840.24
1371,664,Current,93558.9
1372,1469,Fixed Deposit,35315.82
1373,179,Current,91800.04
1374,436,Fixed Deposit,31134.81
1375,1030,Fixed Deposit,50401.53
1376,958,Current,26460.44
1377,1323,Savings,94013.52
1378,1009,Fixed Deposit,89195.77
1379,887,Fixed Deposit,93113.68
1380,467,Current,92356.81
1381,1276,Current,9809.02
1382,1282,Current,84862.42
1383,1033,Savings,82160.57
1384,946,Current,25879.23
1385,938,Fixed Deposit,50939.07
1386,35,Fixed Deposit,31920.34
1387,1155,Savings,23817.34
1388,1103,Savings,49478.06
1389,1080,Savings,49209.51
1390,903,Fixed Deposit,61246.82
1391,454,Savings,50246.76
1392,112,Savings,42893.71
1393,1051,Savings,94008.01
1394,1445,Savings,54086.85
1395,1103,Fixed Deposit,99260.3
1396,1265,Fixed Deposit,62258.36
1397,284,Fixed Deposit,98455.15
1398,897,Fixed Deposit,31550.64
1399,1321,Fixed Deposit,24039.46
1400,452,Savings,40674.5
1401,161,Current,15433.55
1402,306,Current,8338.22
1403,729,Savings,13176.66
1404,510,Fixed Deposit,51603.8
1405,859,Savings,61728.86
1406,1481,Current,89195.25
1407,339,Savings,85663.41
1408,267,Fixed Deposit,31147.71
1409,3,Savings,45464.53
1410,1102,Fixed Deposit,74810.97
1411,1028,Savings,55631.58
1412,735,Fixed Deposit,20362.31
1413,673,Current,57567.18
1414,1231,Current,3099.73
1415,14,Fixed Deposit,68679
1416,997,Current,64674.86
1417,1385,Savings,51385.36
1418,679,Fixed Deposit,86411.97
1419,413,Fixed Deposit,52886.27
1420,780,Savings,16752.66
1421,565,Fixed Deposit,48927.92
1422,31,Current,16352.28
1423,1062,Current,30264.51
1424,871,Savings,50586.75
1425,794,Fixed Deposit,41935.7
1426,903,Current,19958.1
1427,459,Current,60415.57
1428,398,Current,75152.52
1429,847,Fixed Deposit,26804.83
1430,370,Current,76253.28
1431,1401,Fixed Deposit,34994.82
1432,1343,Savings,44662.59
1433,1116,Current,45043.96
1434,1187,Current,45809.59
1435,796,Current,87055.03
1436,648,Savings,75190.76
1437,141,Current,67482.4
1438,128,Fixed Deposit,64289.27
1439,529,Savings,32812.51
1440,1332,Fixed Deposit,94850.53
1441,842,Fixed Deposit,75078.07
1442,380,Fixed Deposit,48093.27
1443,31,Current,46087.78
1444,1052,Savings,76415.21
1445,675,Current,64935.26
1446,7,Fixed Deposit,31779.74
1447,265,Current,82487.3
1448,1348,Savings,25873.09
1449,787,Current,70868.93
1450,118,Savings,14860.83
1451,221,Fixed Deposit,74362.12
1452,1301,Current,47739.87
1453,1264,Current,31122.01
1454,1318,Fixed Deposit,25870.17
1455,488,Fixed Deposit,1780.68
1456,720,Current,38348.9
1457,768,Fixed Deposit,71849.08
1458,178,Current,54707.15
1459,364,Savings,15244.23
1460,1408,Fixed Deposit,48043.38
1461,1074,Savings,77838.9
1462,404,Fixed Deposit,21816.99
1463,1117,Fixed Deposit,12880.37
1464,576,Current,85299.21
1465,297,Fixed Deposit,79654.78
1466,665,Current,86140.6
1467,451,Current,91186.12
1468,566,Savings,3671.23
1469,1253,Current,75031.54
1470,300,Savings,27019.36
1471,55,Current,90783.68
1472,794,Current,46035.35
1473,412,Savings,80567.13
1474,521,Current,22394.92
1475,116,Savings,57463.62
1476,727,Savings,84658.89
1477,832,Current,76274.06
1478,544,Savings,15966.64
1479,1274,Savings,68052.96
1480,767,Current,80977.71
1481,985,Fixed Deposit,2077.79
1482,489,Fixed Deposit,12756.88
1483,857,Current,55766.06
1484,1005,Current,10725.05
1485,744,Savings,85627.91
1486,849,Savings,38430.56
1487,487,Fixed Deposit,50327.94
1488,1380,Savings,46569.27
1489,857,Savings,27334.77
1490,460,Current,94711.48
1491,1233,Current,88439.31
1492,200,Savings,37124.5
1493,194,Current,10482.32
1494,212,Current,18615.14
1495,413,Fixed Deposit,95683.21
1496,146,Savings,21627.89
1497,1244,Fixed Deposit,85134.46
1498,1027,Current,28876.98
1499,1499,Savings,16561.37
1500,1190,Fixed Deposit,60411.37
