txn_id,account_id,txn_date,txn_type,amount
1,1441,2025-03-15,Credit,25664.02
2,286,2025-03-19,Debit,15042.53
3,731,2024-09-25,Credit,10381.58
4,667,2024-07-06,Debit,4766.08
5,628,2025-01-29,Credit,20567.13
6,653,2025-07-09,Credit,15185.84
7,814,2025-04-15,Credit,12003.55
8,1382,2026-04-04,Credit,49848.34
9,568,2026-04-09,Credit,17993.2
10,702,2025-01-27,Debit,4887.24
11,1381,2025-08-30,Debit,12109.37
12,1345,2024-09-03,Credit,29058.62
13,1460,2025-09-12,Credit,18547.97
14,1172,2026-03-12,Credit,1607.91
15,1238,2024-07-20,Debit,17013.84
16,1408,2025-11-23,Credit,40798.44
17,1232,2025-01-03,Credit,2985.01
18,1428,2025-11-23,Credit,44500.9
19,1292,2024-06-30,Credit,43772.03
20,408,2025-04-23,Debit,41561.39
21,488,2025-10-01,Debit,14041.45
22,923,2025-05-04,Debit,6929.68
23,1378,2025-04-30,Credit,2515.76
24,270,2024-10-08,Credit,37276.38
25,194,2025-09-13,Debit,11903.49
26,62,2024-08-06,Debit,17531.15
27,111,2025-09-14,Credit,30878.6
28,1181,2024-11-22,Debit,31936.43
29,1255,2025-02-05,Credit,49119.09
30,588,2026-02-04,Debit,20554.6
31,115,2025-10-01,Debit,41151.49
32,127,2025-12-21,Debit,32567.79
33,1461,2024-10-25,Debit,34071.83
34,199,2025-02-15,Debit,47370.13
35,335,2024-11-08,Credit,38459.24
36,113,2024-10-20,Credit,28360.48
37,944,2025-03-06,Debit,17391.04
38,942,2024-07-23,Debit,12066.44
39,150,2026-04-10,Debit,18223.37
40,1274,2025-01-26,Credit,6483.45
41,267,2025-05-16,Credit,17125.27
42,1080,2026-03-29,Credit,24745.46
43,1429,2026-04-04,Debit,39863.96
44,87,2025-09-21,Debit,45081.37
45,986,2025-08-31,Debit,46225.66
46,416,2024-11-01,Credit,34246.24
47,210,2024-06-25,Credit,27993.05
48,4,2024-11-10,Credit,9400.03
49,1303,2026-03-18,Debit,9042.11
50,333,2024-09-28,Credit,47672.96
51,1005,2025-04-25,Credit,36464.02
52,285,2024-09-24,Debit,17226.46
53,19,2024-10-24,Debit,33310.92
54,1188,2025-05-28,Debit,48758.58
55,1095,2024-10-12,Credit,32214.65
56,1367,2025-04-07,Debit,28061.38
57,1062,2025-06-27,Debit,31999.93
58,1296,2024-07-24,Credit,28184.64
59,1249,2025-12-24,Debit,46585.55
60,843,2026-01-22,Debit,1948.98
61,768,2024-08-11,Credit,40325.9
62,1471,2025-06-16,Debit,28000.38
63,305,2025-01-31,Debit,3200.3
64,459,2025-08-02,Credit,18229.73
65,860,2025-03-21,Credit,13056.49
66,1447,2026-03-18,Debit,13843.49
67,26,2024-05-17,Credit,34101.27
68,208,2026-03-25,Credit,27175.65
69,449,2024-05-11,Debit,34815.79
70,66,2025-12-25,Debit,31302.24
71,1414,2025-09-20,Credit,18065.49
72,1496,2024-12-16,Credit,18782.04
73,1444,2025-12-29,Credit,17104.97
74,488,2026-02-14,Debit,21852.13
75,718,2024-10-17,Debit,8672.51
76,86,2024-08-22,Debit,31652.72
77,365,2025-03-07,Debit,8390.67
78,921,2025-01-18,Debit,44210.44
79,889,2024-04-21,Credit,44887.31
80,1487,2025-05-19,Credit,16797.28
81,592,2025-10-04,Debit,26961.7
82,1411,2025-04-13,Credit,38947.02
83,1356,2025-01-29,Credit,9824.72
84,1178,2025-04-04,Credit,258.85
85,429,2025-01-02,Credit,1751.96
86,1437,2025-06-02,Credit,15431.25
87,812,2024-08-02,Debit,3775.28
88,826,2025-03-06,Debit,17168.17
89,1380,2025-04-25,Debit,35210.27
90,899,2025-02-06,Debit,16421.19
91,1185,2025-07-03,Credit,21075.49
92,1029,2025-11-16,Credit,20622.74
93,823,2026-03-20,Debit,28205.94
94,1331,2025-02-01,Debit,8434.82
95,136,2025-03-15,Credit,25677.47
96,369,2024-05-08,Debit,35597.65
97,237,2024-10-20,Credit,29345.76
98,795,2025-08-31,Debit,25083.91
99,99,2025-02-15,Credit,7087.39
100,1451,2024-10-24,Credit,21970.15
101,1056,2025-07-26,Debit,23640.26
102,1436,2024-05-18,Credit,23980.25
103,1172,2025-01-29,Credit,38366.39
104,1089,2026-02-07,Credit,25054.7
105,351,2025-07-17,Credit,5282.03
106,1389,2024-07-22,Debit,23478.5
107,1388,2024-04-24,Credit,31398.73
108,578,2025-11-19,Debit,45245.26
109,412,2024-12-08,Credit,32194.03
110,83,2025-10-02,Debit,12374.74
111,793,2026-04-03,Credit,33402.37
112,1426,2024-08-29,Debit,4583.13
113,1033,2024-09-19,Debit,2056.44
114,1052,2024-08-10,Credit,40884.04
115,553,2024-08-31,Debit,1211.79
116,106,2024-08-18,Debit,44277.84
117,377,2025-03-23,Credit,4118.58
118,210,2025-12-27,Credit,22059.59
119,899,2024-05-28,Credit,37433.34
120,171,2025-09-15,Debit,18928.47
121,1080,2024-09-13,Debit,49017.14
122,475,2025-10-23,Debit,24650.58
123,638,2025-10-09,Credit,26900.34
124,614,2025-09-25,Credit,22565.33
125,1269,2025-04-05,Debit,25772.62
126,548,2025-07-22,Credit,10972.68
127,1047,2025-09-15,Debit,46871.29
128,939,2025-04-06,Debit,10467.81
129,1218,2024-05-16,Credit,18236.71
130,1150,2025-04-16,Credit,28232.61
131,410,2025-08-04,Debit,47889.92
132,1172,2026-04-02,Credit,9068.28
133,563,2025-02-06,Credit,16834.47
134,75,2024-11-27,Debit,870.66
135,428,2024-06-01,Credit,42885.33
136,815,2024-06-22,Credit,39727.96
137,201,2025-08-02,Debit,6614.41
138,296,2026-03-29,Credit,2905.3
139,1494,2025-10-24,Credit,32323.21
140,449,2024-10-31,Debit,39138.25
141,304,2026-02-21,Debit,20965.85
142,919,2025-06-19,Debit,38881.29
143,213,2025-08-19,Credit,9121.46
144,1477,2025-01-13,Credit,6509.51
145,833,2024-08-23,Debit,1439.66
146,1282,2025-04-29,Debit,10840.59
147,415,2025-05-17,Debit,37626.67
148,1361,2024-10-14,Debit,33424.97
149,1041,2025-04-16,Debit,10641.63
150,1148,2025-08-16,Debit,24855.2
151,691,2026-01-27,Debit,8519.89
152,1337,2024-12-01,Credit,11975.15
153,719,2025-04-28,Credit,17366.91
154,326,2025-04-29,Credit,30870.35
155,586,2025-01-23,Debit,21452.46
156,611,2026-04-05,Credit,48892.57
157,367,2024-06-27,Credit,31473.51
158,1035,2026-01-21,Credit,35808.53
159,998,2025-01-04,Credit,29498.01
160,33,2025-06-12,Debit,21279.42
161,1287,2025-01-06,Credit,6405.97
162,784,2025-06-20,Credit,33436.98
163,838,2024-11-04,Credit,41733.12
164,1455,2025-07-05,Debit,2510.91
165,1217,2024-08-25,Debit,3487.9
166,921,2025-11-15,Credit,9989.02
167,497,2025-05-12,Credit,20511.14
168,736,2026-03-08,Debit,28507.54
169,1015,2024-08-09,Debit,47648.13
170,549,2025-07-21,Credit,39133.34
171,922,2025-11-19,Debit,5650.31
172,1223,2026-02-08,Debit,27171.48
173,997,2024-11-19,Debit,39583.02
174,992,2024-05-23,Credit,33361.22
175,769,2024-08-09,Credit,8247.6
176,1327,2025-11-01,Credit,9448.63
177,49,2025-07-21,Debit,33230.74
178,1217,2026-01-24,Credit,27974.11
179,288,2024-04-29,Debit,12254.53
180,77,2024-08-26,Credit,38441
181,763,2025-03-20,Debit,20503.64
182,672,2026-02-08,Credit,28591.57
183,198,2025-07-28,Credit,33310.42
184,265,2025-06-23,Debit,47134.83
185,1275,2025-11-29,Debit,45031.82
186,595,2024-05-26,Credit,12213.09
187,854,2025-04-13,Debit,33276.14
188,376,2025-08-10,Debit,25592.32
189,1492,2025-05-02,Credit,13565.47
190,1432,2025-07-13,Credit,11221.98
191,581,2024-07-10,Debit,14610.44
192,790,2024-10-19,Credit,22793.16
193,702,2024-08-21,Credit,25893.32
194,280,2024-07-22,Debit,45128.1
195,643,2026-04-13,Debit,24527.78
196,479,2024-08-14,Credit,34523.07
197,1161,2024-11-12,Credit,23719.71
198,846,2026-01-31,Credit,7127.1
199,1110,2025-12-05,Debit,8181.39
200,801,2025-06-12,Debit,33691.97
201,1089,2025-02-25,Credit,12673.4
202,1392,2024-07-22,Credit,44231.45
203,495,2025-03-09,Credit,13371.99
204,1453,2025-12-19,Credit,28990.04
205,368,2024-10-29,Debit,15249.78
206,520,2026-04-18,Debit,38125.92
207,1086,2025-02-16,Debit,38189.55
208,131,2024-11-20,Credit,27361.04
209,831,2024-06-07,Debit,25124.14
210,426,2025-04-04,Debit,20923.79
211,231,2026-03-09,Credit,43925.71
212,515,2025-05-17,Credit,43580.25
213,1098,2024-07-17,Credit,34313.25
214,949,2025-03-18,Credit,49299.25
215,277,2025-10-08,Debit,31373.61
216,267,2025-06-17,Debit,26969.49
217,68,2024-10-04,Credit,11874.78
218,661,2024-11-13,Debit,23542.11
219,105,2025-12-09,Debit,35942.38
220,837,2024-04-29,Debit,19720.48
221,992,2025-06-03,Debit,46169.63
222,1279,2026-02-19,Credit,12454.15
223,762,2025-11-26,Debit,36504.2
224,611,2024-10-28,Debit,23629.86
225,1432,2026-02-07,Debit,42641.83
226,1314,2024-09-29,Credit,21618.54
227,153,2026-02-24,Credit,10293.28
228,415,2024-06-18,Credit,26794.79
229,423,2026-03-31,Credit,15582.4
230,901,2024-07-01,Debit,26770.11
231,1262,2024-04-22,Credit,5982.21
232,776,2024-09-30,Debit,12365.04
233,345,2025-05-09,Debit,38859.72
234,1055,2025-05-07,Debit,4854.45
235,539,2025-03-06,Credit,19332.02
236,623,2025-06-15,Debit,1649.1
237,932,2026-01-20,Credit,43099.34
238,1022,2026-02-02,Debit,31761.17
239,1058,2026-02-05,Credit,20990.81
240,1178,2024-09-01,Debit,17719.58
241,1351,2024-06-17,Credit,3677.97
242,969,2024-10-02,Debit,24305.8
243,233,2024-06-23,Credit,8320.1
244,59,2025-05-12,Debit,1810.44
245,303,2025-10-28,Debit,14029.98
246,18,2025-07-03,Debit,21831.29
247,813,2025-05-15,Credit,45075.63
248,945,2026-01-28,Debit,225.29
249,374,2024-11-01,Debit,30704.82
250,707,2026-03-26,Debit,15243.23
251,518,2024-11-07,Debit,7380.26
252,1359,2026-01-19,Credit,16482.36
253,275,2026-01-28,Debit,32512.89
254,758,2026-03-15,Credit,15243
255,212,2024-06-13,Debit,34812.98
256,761,2025-08-03,Credit,13636.37
257,684,2024-12-14,Debit,36513.57
258,175,2025-05-09,Debit,13975.14
259,1434,2025-10-03,Debit,21912.34
260,1370,2024-05-13,Credit,35461.41
261,243,2026-02-04,Debit,14964.08
262,1031,2025-04-16,Credit,48918.82
263,683,2025-08-01,Credit,49219.51
264,229,2025-08-04,Debit,15561.33
265,1240,2025-04-23,Credit,36407.53
266,289,2025-12-05,Debit,12629.07
267,140,2025-09-30,Debit,22439.83
268,1085,2026-01-10,Debit,37237.08
269,1405,2025-05-24,Debit,40325.8
270,527,2025-06-27,Credit,46672.49
271,349,2024-08-20,Debit,42601.46
272,97,2026-03-05,Credit,6113.18
273,503,2026-03-21,Debit,5601.24
274,725,2025-11-06,Credit,28431.14
275,934,2024-04-27,Credit,9829.12
276,509,2024-08-30,Debit,10222.88
277,83,2026-02-26,Credit,40078
278,362,2025-05-11,Debit,39081.24
279,1058,2025-09-17,Credit,39139.39
280,873,2026-01-29,Debit,25974.26
281,1213,2024-10-26,Debit,16370.4
282,1058,2026-01-12,Credit,26004.97
283,649,2024-06-16,Debit,4317.79
284,1060,2025-02-18,Debit,14781.41
285,1037,2025-06-13,Credit,41264.27
286,1004,2024-08-08,Credit,15590.89
287,169,2024-10-22,Debit,7593.73
288,941,2025-06-21,Credit,18619.43
289,213,2024-09-13,Debit,33514.34
290,8,2025-03-09,Debit,13796.67
291,600,2025-08-31,Debit,49636.55
292,1198,2025-12-10,Credit,5024.28
293,120,2026-02-28,Debit,3420.52
294,342,2025-01-03,Credit,25724.64
295,683,2025-07-12,Credit,4739.28
296,1091,2024-09-27,Debit,46359.96
297,380,2024-11-08,Debit,24420.87
298,1229,2024-10-11,Credit,29592.45
299,639,2025-12-31,Debit,7468.57
300,641,2025-04-07,Credit,35670.46
301,1429,2024-11-29,Debit,27512.54
302,309,2025-08-14,Credit,10144.43
303,265,2024-07-25,Debit,22745.82
304,352,2026-01-09,Credit,30660.85
305,695,2024-10-22,Credit,46273.16
306,661,2025-02-23,Debit,23862.46
307,1170,2024-06-06,Debit,42046.75
308,1191,2026-01-27,Debit,25670.95
309,619,2024-12-01,Debit,45251.43
310,307,2025-05-23,Credit,15094.34
311,480,2025-11-09,Debit,30471.87
312,419,2024-08-03,Debit,16721.54
313,717,2024-10-23,Debit,45604.38
314,1230,2025-02-13,Debit,14022.48
315,1021,2026-03-28,Credit,10297.55
316,1021,2024-11-04,Debit,49718.41
317,1238,2025-07-18,Credit,48146.35
318,258,2025-11-05,Debit,26737.26
319,578,2025-09-05,Credit,32561.79
320,964,2025-01-18,Debit,32472.35
321,917,2024-08-01,Credit,5519.88
322,1280,2025-12-26,Credit,25958.89
323,638,2026-04-02,Debit,44082.76
324,817,2024-10-05,Debit,2620.21
325,837,2024-04-19,Debit,2737.03
326,1259,2025-12-25,Credit,19699.71
327,607,2025-05-23,Credit,48927.16
328,1113,2024-06-10,Credit,22900.58
329,1339,2025-03-14,Credit,23768.83
330,448,2025-04-16,Debit,48634.28
331,848,2024-06-30,Debit,26700.36
332,173,2025-07-25,Credit,4737.46
333,1387,2026-04-01,Credit,11099.47
334,250,2025-08-09,Credit,23728.91
335,969,2025-09-16,Credit,20046.75
336,1079,2024-09-05,Debit,32418.67
337,1411,2024-11-13,Credit,40260.01
338,1384,2025-12-09,Credit,37783.09
339,629,2025-09-03,Debit,3145.38
340,935,2024-05-18,Debit,20155.4
341,1493,2025-01-16,Credit,30741.28
342,548,2024-10-12,Debit,46208.6
343,217,2024-10-19,Debit,29922.44
344,1353,2024-11-16,Debit,45512.06
345,315,2024-08-27,Credit,5287.36
346,1260,2024-12-18,Debit,28536.04
347,488,2024-12-29,Debit,12224.76
348,11,2025-07-23,Debit,42687.07
349,271,2025-01-28,Credit,28020.23
350,1460,2024-07-30,Debit,29115.65
351,1362,2024-08-29,Debit,43866.1
352,1056,2024-08-01,Credit,26012.87
353,524,2025-04-30,Credit,7570.29
354,1284,2025-05-12,Credit,11203.87
355,211,2025-09-16,Credit,37685.73
356,197,2025-12-29,Credit,38664.84
357,536,2025-12-12,Credit,37045.63
358,1326,2025-07-12,Credit,11362
359,830,2025-09-14,Debit,34753.75
360,1389,2024-05-28,Debit,10429.32
361,447,2024-10-03,Debit,19567.7
362,375,2024-09-15,Credit,27917.18
363,281,2025-06-14,Debit,38801.74
364,1400,2024-07-31,Debit,2457.42
365,1487,2025-09-03,Credit,21988.7
366,747,2025-04-22,Debit,24677.41
367,958,2025-09-05,Credit,4121.4
368,1049,2025-02-01,Debit,35385.68
369,1290,2025-04-07,Credit,36463.85
370,123,2026-03-28,Credit,16613.86
371,688,2025-05-13,Debit,17330.72
372,37,2025-04-14,Credit,7536.79
373,127,2024-08-27,Debit,17934.98
374,820,2025-11-18,Credit,40459.26
375,1137,2025-01-06,Debit,11208.86
376,121,2026-04-08,Debit,32518.43
377,357,2024-09-21,Debit,10192.18
378,1254,2024-08-16,Debit,4050.88
379,1240,2024-09-05,Debit,7335.39
380,1349,2024-06-21,Credit,42811.19
381,665,2024-11-03,Credit,29623.9
382,720,2025-05-01,Debit,8636.92
383,318,2025-03-25,Credit,5120.12
384,972,2025-08-08,Credit,16884.1
385,926,2026-01-10,Debit,44649.57
386,1294,2024-09-08,Debit,3999.15
387,388,2025-09-10,Credit,10194.1
388,1319,2024-11-03,Debit,2390.61
389,1378,2024-11-01,Credit,44168.15
390,1024,2024-06-17,Credit,4781.03
391,411,2026-03-27,Credit,7080.44
392,1338,2024-11-21,Debit,23303.06
393,1166,2024-05-02,Debit,38689.14
394,1232,2024-11-18,Credit,11241.41
395,813,2025-05-05,Credit,24576.6
396,1336,2024-06-10,Credit,10566.1
397,838,2025-10-02,Debit,6118.83
398,581,2024-08-16,Debit,38718.34
399,1280,2024-08-26,Debit,43423.96
400,115,2024-09-02,Debit,37548.39
401,696,2025-09-08,Debit,6056.2
402,692,2025-08-20,Credit,6330.53
403,344,2024-04-27,Credit,47666.37
404,76,2024-07-15,Debit,12248.53
405,628,2025-10-29,Credit,39577.01
406,732,2025-07-03,Credit,46675.5
407,308,2024-10-27,Debit,42449.48
408,1457,2026-01-20,Debit,27906.41
409,218,2024-10-23,Debit,5705.94
410,158,2024-11-09,Credit,20833
411,915,2025-09-16,Debit,19280.35
412,796,2025-07-30,Debit,31647.46
413,868,2024-10-05,Debit,41913.65
414,324,2025-07-27,Credit,40604.11
415,232,2024-10-09,Credit,28647.93
416,92,2025-07-19,Credit,31403.04
417,22,2026-04-16,Credit,42602.89
418,1423,2025-12-13,Debit,13789.33
419,1464,2024-06-17,Credit,40701.99
420,761,2024-08-12,Credit,8212.12
421,859,2025-05-29,Credit,1399.15
422,102,2025-06-06,Credit,40972.25
423,840,2026-04-11,Credit,21998.04
424,869,2025-09-03,Credit,24171.95
425,110,2024-12-14,Debit,42046.29
426,872,2026-01-09,Credit,16159.84
427,62,2025-07-07,Debit,13914.97
428,151,2025-10-05,Debit,3304.26
429,1219,2026-02-18,Credit,23965.26
430,1392,2025-02-20,Credit,29003.68
431,417,2025-12-19,Credit,24972.97
432,195,2025-05-11,Debit,42371.43
433,549,2025-05-21,Credit,25769.44
434,1010,2025-03-09,Debit,11036.84
435,983,2026-03-13,Debit,11027.3
436,1128,2025-01-20,Credit,5834.18
437,1252,2026-01-19,Credit,20267.38
438,1100,2025-11-25,Credit,25999.79
439,558,2025-08-18,Debit,8667.08
440,291,2025-03-12,Credit,5673.17
441,1036,2025-03-30,Debit,22741.14
442,1113,2024-05-31,Credit,45984.68
443,237,2024-12-03,Credit,19588.24
444,1460,2025-09-29,Debit,10141.78
445,1109,2025-09-27,Credit,42781.35
446,1317,2025-02-21,Credit,18789.95
447,1255,2025-02-26,Debit,18844.66
448,434,2025-08-14,Credit,49756.7
449,590,2026-01-28,Debit,37583.87
450,1463,2024-10-04,Debit,47703.98
451,784,2024-09-22,Credit,26888.13
452,1158,2024-11-05,Debit,46656.51
453,598,2026-04-04,Credit,13669.33
454,820,2026-02-13,Credit,14943.59
455,832,2024-11-07,Debit,48458.34
456,1345,2025-12-31,Debit,49380.93
457,1135,2024-07-04,Debit,15199.31
458,773,2024-10-13,Credit,25664.22
459,250,2024-05-28,Debit,16057.84
460,814,2025-03-22,Credit,36494.33
461,1054,2024-07-13,Debit,37431.25
462,954,2024-11-07,Credit,5264.56
463,13,2025-04-26,Debit,31782.28
464,1409,2026-01-10,Debit,2593.54
465,147,2025-12-06,Debit,21696.33
466,1172,2025-06-01,Debit,7097.82
467,1197,2024-05-26,Credit,30507.64
468,572,2025-05-14,Debit,30088.29
469,452,2025-07-28,Credit,2165.47
470,1395,2025-02-06,Credit,3316.04
471,803,2024-12-20,Debit,2455.37
472,1423,2025-11-17,Debit,35695.48
473,241,2025-05-25,Credit,32198.89
474,348,2025-08-23,Debit,36489.4
475,245,2024-11-17,Debit,2833.98
476,840,2025-07-04,Credit,34563.18
477,392,2024-05-14,Debit,28707.38
478,505,2025-08-10,Credit,12456.3
479,593,2024-05-29,Debit,6225.43
480,916,2026-02-28,Credit,5474.75
481,1184,2024-08-15,Credit,6730.69
482,443,2024-06-08,Debit,45454.9
483,452,2024-10-15,Debit,10654.15
484,348,2025-09-24,Debit,31823.23
485,231,2026-01-07,Credit,17206.04
486,1287,2024-10-28,Debit,15888.67
487,248,2024-06-09,Credit,28401.97
488,305,2025-11-14,Debit,46912.5
489,723,2025-04-14,Credit,43654.25
490,894,2024-12-18,Debit,39564.32
491,1026,2025-11-12,Debit,44857.59
492,842,2025-01-20,Credit,5789.92
493,1360,2025-04-21,Debit,45874.28
494,372,2025-07-27,Credit,4427.27
495,1443,2025-04-09,Debit,23314.06
496,197,2026-03-11,Credit,39110.84
497,708,2024-12-04,Credit,10605.73
498,1144,2025-12-29,Credit,554.33
499,550,2026-01-26,Debit,19825.92
500,1086,2024-07-27,Debit,23157.74
501,709,2025-12-02,Credit,34002.88
502,54,2024-06-02,Credit,47496.45
503,1188,2024-10-31,Debit,20245.92
504,170,2024-08-25,Credit,8537.44
505,771,2025-03-01,Credit,24979.48
506,266,2025-04-15,Credit,18854.6
507,37,2025-03-29,Debit,19862.03
508,1473,2024-09-15,Debit,17920.2
509,1143,2024-09-16,Credit,30773.94
510,1173,2025-11-11,Debit,40041.04
511,715,2026-01-28,Debit,28961.39
512,1435,2024-09-10,Debit,6214.63
513,1200,2024-12-14,Credit,47542.18
514,1472,2024-12-24,Debit,26862.65
515,59,2025-03-06,Debit,5371.95
516,1255,2026-01-27,Credit,24282.68
517,216,2024-11-11,Credit,29572.57
518,1283,2026-03-05,Credit,38428.7
519,718,2025-02-16,Debit,14436.83
520,1145,2024-07-21,Debit,40648.51
521,289,2024-04-19,Debit,49768.17
522,388,2024-09-20,Credit,16769.22
523,50,2026-03-29,Credit,24912.93
524,239,2025-10-16,Debit,43350.58
525,729,2025-01-09,Debit,42482.51
526,524,2025-09-20,Credit,15989.73
527,969,2024-05-17,Credit,26901.22
528,1300,2025-06-11,Credit,5096.7
529,910,2026-02-28,Credit,17034.79
530,1292,2024-07-04,Debit,38624.13
531,1022,2025-09-10,Debit,41329.51
532,508,2024-07-18,Debit,31380.25
533,521,2026-03-03,Credit,34413.51
534,1419,2025-02-04,Debit,2748.08
535,1466,2025-02-13,Credit,35641.1
536,312,2024-10-30,Debit,41562.16
537,653,2025-11-12,Debit,45764.53
538,705,2025-04-23,Debit,24391.29
539,267,2025-05-24,Credit,41849.14
540,574,2024-10-03,Debit,39291.23
541,525,2025-12-20,Credit,9786.33
542,684,2024-05-19,Credit,24736.74
543,1209,2025-02-16,Debit,19138.48
544,469,2025-03-02,Debit,5849.97
545,1033,2026-02-24,Credit,7082.57
546,867,2025-07-01,Debit,31510.68
547,212,2024-04-23,Debit,33206.5
548,217,2025-10-29,Credit,1906.67
549,1011,2024-07-18,Credit,27848.82
550,1440,2024-07-12,Credit,19372.57
551,984,2024-09-26,Credit,7697.9
552,1174,2025-04-29,Debit,4272.47
553,624,2025-11-16,Debit,30938.25
554,1374,2025-01-07,Credit,20060.95
555,1463,2025-09-04,Credit,6873.32
556,1318,2024-08-03,Debit,45273.41
557,323,2024-07-09,Credit,41894.83
558,383,2025-01-04,Debit,33529.85
559,1476,2025-06-11,Debit,29332.12
560,777,2025-01-11,Credit,11145.31
561,860,2025-01-20,Debit,17669.71
562,796,2024-11-02,Credit,6341.85
563,1371,2025-06-19,Credit,4804.27
564,1389,2025-04-28,Credit,18656.09
565,247,2025-06-22,Debit,33704.97
566,670,2024-11-22,Credit,41581.94
567,83,2025-03-23,Debit,13752.41
568,420,2025-07-24,Credit,39516.2
569,508,2024-04-26,Debit,30084.64
570,1393,2024-06-09,Debit,25495.68
571,2,2025-12-08,Credit,6063.55
572,27,2024-12-11,Debit,2339.56
573,1235,2025-08-17,Credit,27027.78
574,954,2025-09-15,Credit,11768.41
575,120,2025-04-23,Debit,8947.03
576,166,2026-02-21,Debit,36414.63
577,216,2024-05-26,Credit,24546.2
578,1216,2024-12-23,Credit,13206.01
579,1076,2026-04-07,Debit,33126.21
580,899,2025-10-20,Debit,10502.6
581,939,2024-10-04,Debit,30289.08
582,1151,2024-07-28,Credit,29019.43
583,617,2025-07-21,Debit,18711.95
584,69,2025-07-18,Credit,31488.53
585,757,2024-08-16,Debit,8706.35
586,379,2026-02-04,Credit,6615.47
587,980,2024-10-29,Debit,26987.7
588,671,2025-07-09,Credit,29497.77
589,196,2025-03-16,Debit,9573.27
590,103,2025-11-10,Credit,4745.68
591,732,2024-06-11,Credit,35994.28
592,270,2024-12-07,Debit,20470.59
593,891,2025-02-10,Credit,36212.62
594,922,2024-07-04,Debit,46766.31
595,1069,2025-03-15,Debit,37493.7
596,138,2026-01-26,Debit,17786.48
597,941,2026-04-16,Debit,5917.38
598,92,2024-09-25,Debit,31836.84
599,1273,2025-09-24,Credit,23083.71
600,465,2024-10-08,Credit,41428.72
601,1312,2025-08-28,Credit,20910.73
602,112,2026-02-22,Credit,31206.51
603,740,2024-11-08,Debit,7042.63
604,544,2025-05-14,Credit,20274.24
605,942,2026-03-31,Credit,22463.73
606,233,2026-01-31,Debit,11415.32
607,82,2026-02-12,Credit,39517.67
608,906,2026-03-13,Debit,20031.88
609,571,2026-04-02,Credit,41612.81
610,1474,2025-05-09,Debit,44292.86
611,1226,2025-02-24,Debit,40805.1
612,1015,2025-11-21,Debit,15889.87
613,320,2025-11-01,Debit,816.69
614,754,2025-08-31,Credit,45903.36
615,1384,2026-03-22,Debit,36011.57
616,1428,2025-09-18,Credit,31370.87
617,82,2024-06-20,Debit,20471.29
618,1276,2025-03-06,Debit,9905.59
619,969,2025-11-03,Debit,42314.21
620,1030,2026-04-15,Debit,35333.66
621,784,2025-06-16,Credit,11874.35
622,1387,2025-08-11,Debit,33050.51
623,1384,2025-08-05,Debit,41749.55
624,341,2024-05-23,Debit,46447.78
625,432,2025-09-26,Debit,349.42
626,485,2024-07-02,Debit,10467.62
627,1049,2025-02-07,Credit,15497.02
628,857,2025-10-14,Debit,22611.7
629,743,2025-10-02,Credit,15896.92
630,551,2025-11-16,Credit,14662.18
631,1291,2024-11-03,Debit,38611.98
632,1281,2025-07-03,Credit,16300.65
633,484,2026-04-07,Credit,17622.33
634,1241,2025-06-25,Debit,29142.66
635,812,2024-06-30,Debit,25474.14
636,492,2025-09-19,Debit,29364.74
637,741,2025-07-25,Credit,39844.36
638,1439,2025-05-21,Debit,10248.37
639,842,2025-05-22,Debit,2527.01
640,27,2026-03-17,Debit,12581.24
641,19,2025-02-05,Credit,31395.55
642,822,2025-04-21,Credit,36058.88
643,288,2024-11-09,Credit,41124.76
644,1020,2024-09-26,Credit,26077.24
645,1035,2024-10-08,Credit,43293.16
646,4,2025-02-25,Debit,39430.5
647,370,2025-12-24,Credit,49558.72
648,548,2026-02-10,Debit,32516.84
649,482,2025-02-01,Credit,27762.81
650,832,2025-08-24,Debit,9825.68
651,1068,2025-08-14,Credit,43155.44
652,211,2025-05-05,Debit,2495.43
653,1454,2025-10-26,Credit,47918.65
654,1089,2025-12-07,Credit,19636.41
655,731,2025-12-14,Credit,31787.74
656,234,2025-08-06,Credit,47009.87
657,1162,2025-05-09,Debit,18207.12
658,829,2024-12-22,Debit,19951.09
659,550,2025-10-11,Debit,1630.63
660,472,2024-11-26,Debit,46732.02
661,513,2024-05-30,Credit,37594.88
662,1278,2025-07-22,Debit,30119.08
663,534,2024-08-20,Credit,30908.81
664,1155,2025-06-08,Credit,22408.34
665,666,2025-06-28,Credit,21735.36
666,538,2025-04-28,Credit,8020.07
667,309,2025-02-05,Credit,21541.94
668,939,2024-11-12,Credit,6877.55
669,1119,2025-02-01,Debit,9616.08
670,205,2025-11-26,Debit,4951.8
671,1462,2024-10-12,Credit,18560.15
672,1472,2025-05-10,Credit,18374.92
673,745,2024-04-22,Credit,24287.68
674,380,2024-07-07,Debit,42063.12
675,865,2024-09-10,Credit,39429.77
676,813,2025-08-20,Debit,46992.24
677,810,2025-06-12,Credit,5194.64
678,600,2025-07-21,Credit,33515.7
679,1432,2025-03-12,Credit,34702.06
680,861,2025-07-04,Debit,42149.25
681,919,2024-07-05,Credit,13201.86
682,747,2025-07-04,Credit,25756.77
683,352,2024-09-15,Debit,11887.41
684,1098,2024-09-05,Debit,5489.61
685,1098,2024-11-30,Credit,28909.28
686,1021,2025-01-18,Debit,38336.06
687,1211,2024-11-28,Debit,37954.09
688,1476,2025-07-15,Credit,25967.42
689,413,2025-11-23,Debit,34741.11
690,292,2025-12-19,Credit,5784.42
691,1197,2024-11-26,Credit,25308.34
692,613,2025-04-19,Debit,49876.63
693,178,2025-01-03,Credit,39536.5
694,1272,2025-03-12,Debit,33192.29
695,1002,2025-07-04,Credit,7272.97
696,1158,2024-10-24,Debit,46342.77
697,1363,2025-05-17,Debit,22485.14
698,1324,2025-02-07,Debit,29538.46
699,635,2025-10-28,Debit,11974.25
700,1271,2024-12-28,Debit,39564.87
701,804,2024-05-01,Debit,35089.33
702,168,2025-10-06,Credit,25213.67
703,120,2025-01-23,Credit,16169.72
704,1249,2024-11-30,Credit,48770.55
705,1458,2025-07-03,Credit,21263.34
706,1168,2025-07-25,Debit,23770.15
707,210,2026-02-10,Credit,33646.81
708,242,2024-07-26,Debit,22300.87
709,598,2025-10-09,Debit,46843.32
710,819,2026-02-02,Debit,34196.13
711,607,2024-09-13,Credit,49317.64
712,1453,2026-02-04,Debit,27679.65
713,1226,2026-01-25,Credit,28392.07
714,385,2025-02-07,Credit,8464.29
715,147,2024-10-22,Credit,16864.04
716,128,2024-08-09,Credit,31741.31
717,945,2026-01-30,Debit,44771.99
718,219,2025-05-21,Debit,21165.26
719,1496,2025-07-31,Debit,10194.3
720,1404,2025-04-19,Credit,20248.47
721,1062,2025-01-01,Credit,3277.66
722,596,2024-04-20,Credit,25776.08
723,1373,2025-01-05,Credit,24279.91
724,1347,2026-01-14,Credit,32885.63
725,1064,2024-09-10,Credit,2570.11
726,694,2025-12-31,Debit,21546.57
727,29,2025-12-11,Credit,41479.29
728,608,2026-02-14,Credit,28888.26
729,983,2025-09-12,Debit,33408.86
730,776,2025-04-28,Credit,37725.64
731,1215,2025-02-06,Credit,3716.63
732,935,2025-02-10,Credit,7462.9
733,1417,2025-04-15,Debit,277.07
734,326,2026-02-02,Credit,10468.62
735,922,2025-05-07,Debit,46200.77
736,632,2025-12-23,Credit,25117.41
737,578,2025-07-13,Credit,20124.93
738,264,2026-03-11,Credit,47156.54
739,974,2025-10-10,Debit,39560.26
740,1158,2025-03-14,Credit,45684.69
741,1250,2025-09-02,Credit,4256.82
742,732,2025-12-05,Credit,17170.31
743,1012,2026-01-29,Credit,49239.74
744,971,2025-04-18,Debit,49786.35
745,709,2025-09-17,Debit,9520.21
746,517,2024-09-10,Debit,48676.71
747,834,2025-07-15,Debit,10905.95
748,1346,2025-02-09,Debit,47316.97
749,155,2025-02-02,Debit,44390.31
750,766,2026-01-07,Debit,38411.1
751,157,2024-08-28,Credit,17212.88
752,949,2025-08-13,Debit,37560.67
753,1087,2025-01-23,Debit,31015.06
754,1500,2024-09-10,Debit,1266.09
755,992,2024-11-12,Debit,4819.88
756,1172,2025-02-10,Debit,2242.88
757,1358,2025-11-14,Credit,17967.87
758,1144,2025-03-06,Debit,47851.8
759,1162,2025-04-10,Credit,8720
760,39,2025-09-23,Credit,43654.51
761,710,2025-03-01,Debit,19689.52
762,707,2025-08-19,Debit,15786.74
763,1426,2025-07-16,Credit,6323.6
764,1162,2025-06-26,Credit,5977.47
765,695,2025-11-28,Credit,26973.05
766,1172,2024-10-20,Debit,3696.67
767,780,2026-01-09,Debit,21348.92
768,924,2025-06-09,Debit,42774.41
769,1358,2024-12-18,Credit,16923.86
770,288,2024-09-06,Credit,46702.92
771,1105,2024-11-27,Debit,41247.03
772,409,2026-02-16,Debit,49519.78
773,5,2025-05-26,Debit,15147.8
774,155,2026-01-24,Credit,3704.11
775,555,2024-06-11,Debit,25071.02
776,1177,2025-08-18,Credit,34432.95
777,1233,2024-11-17,Debit,15547.14
778,155,2025-04-08,Debit,35373.5
779,324,2024-11-05,Debit,10124.55
780,156,2025-11-02,Credit,24769.38
781,360,2024-07-14,Debit,17650.3
782,402,2024-08-16,Credit,39168.33
783,1301,2025-07-31,Credit,15527.16
784,1354,2025-03-08,Credit,44089.44
785,983,2025-12-03,Debit,9322.36
786,832,2026-02-13,Credit,12196.98
787,1396,2024-11-14,Credit,29166.69
788,673,2025-04-17,Debit,42729.4
789,985,2024-07-16,Credit,32152.89
790,518,2024-05-08,Debit,25863.03
791,108,2025-02-09,Credit,1960.05
792,798,2024-05-16,Debit,26959.66
793,39,2025-10-27,Credit,47996.39
794,337,2024-06-19,Credit,11181.44
795,724,2025-10-10,Credit,16272.85
796,383,2025-02-22,Debit,24279.75
797,42,2024-10-05,Credit,20931.07
798,254,2025-10-03,Credit,31087.69
799,810,2024-05-16,Credit,9296.09
800,1471,2025-06-09,Debit,26824.02
801,1101,2025-11-02,Credit,48195.99
802,666,2025-12-17,Credit,10456.51
803,193,2024-11-09,Credit,49188.86
804,1217,2025-11-21,Credit,42944.57
805,1297,2024-12-16,Credit,13474.96
806,166,2025-01-03,Credit,38229.27
807,1098,2024-08-23,Credit,26880.54
808,1181,2024-07-24,Credit,1616.72
809,164,2025-04-12,Credit,6080.06
810,399,2025-08-02,Credit,2708.41
811,931,2025-10-19,Debit,41322.46
812,147,2026-01-13,Debit,20759.45
813,568,2025-02-20,Credit,39875.23
814,1349,2026-01-13,Debit,40372.73
815,845,2025-05-27,Debit,16953.71
816,356,2025-01-04,Debit,33477.78
817,1297,2025-02-20,Credit,25080.15
818,497,2024-04-25,Credit,7509.27
819,700,2024-05-18,Debit,22254.08
820,953,2024-05-29,Credit,6344.5
821,1469,2025-07-20,Credit,31373.64
822,1456,2024-10-12,Credit,11930.17
823,607,2025-03-18,Debit,28566.49
824,1305,2025-07-31,Credit,29098.11
825,1499,2026-03-30,Credit,10775.41
826,806,2025-09-10,Debit,38246.22
827,435,2025-04-29,Credit,2353.35
828,420,2024-06-13,Credit,35099.88
829,457,2024-08-13,Credit,27228.91
830,715,2025-04-08,Credit,11520.64
831,768,2025-12-24,Credit,46577.32
832,766,2026-01-06,Credit,30353
833,802,2026-01-09,Credit,36617.72
834,386,2025-06-18,Credit,23349.33
835,1384,2025-12-08,Credit,9367.01
836,1478,2024-07-26,Debit,29930.09
837,1418,2024-10-16,Debit,32046.49
838,136,2024-11-20,Credit,25718.76
839,1158,2025-12-20,Credit,34562.1
840,634,2024-07-01,Credit,14052.76
841,975,2025-09-29,Credit,8708.21
842,204,2025-02-10,Credit,2104.66
843,1124,2024-09-08,Credit,36027.07
844,7,2025-11-21,Credit,46121.14
845,665,2024-06-18,Debit,7198.26
846,1397,2025-12-31,Debit,9176.79
847,124,2025-06-13,Credit,30885.42
848,1227,2025-09-09,Debit,19822.07
849,1031,2025-09-14,Debit,37827.91
850,382,2026-03-31,Debit,6524.8
851,143,2025-05-09,Credit,32368.87
852,1149,2025-04-04,Debit,46012.07
853,758,2026-01-19,Credit,1320.14
854,301,2025-03-08,Debit,4233.31
855,1052,2024-07-23,Debit,43396.9
856,807,2025-08-05,Credit,32396.02
857,1267,2025-06-28,Credit,25483.32
858,1011,2024-06-15,Credit,33627.48
859,412,2025-04-21,Credit,7269.34
860,332,2025-05-04,Debit,30121.74
861,236,2025-09-21,Debit,2742.29
862,341,2025-05-30,Debit,19483.63
863,925,2025-10-17,Debit,30424.26
864,973,2024-08-25,Debit,1906.14
865,1421,2024-04-24,Debit,39336.5
866,1462,2025-07-26,Debit,10581.24
867,958,2025-04-11,Debit,32627.75
868,850,2024-09-19,Credit,21239.68
869,72,2025-07-14,Debit,3794.01
870,746,2024-06-20,Credit,42493.92
871,1402,2024-08-31,Credit,29751.48
872,713,2025-05-12,Credit,21817.98
873,380,2025-07-20,Credit,5366.61
874,109,2026-01-31,Credit,44941.66
875,856,2024-07-05,Credit,7419.45
876,302,2026-01-09,Debit,37163.19
877,714,2024-04-30,Debit,24412.68
878,1411,2024-12-03,Credit,3180.94
879,106,2024-10-14,Credit,34634.05
880,1151,2025-02-16,Debit,19602.72
881,178,2025-12-29,Credit,7820.63
882,508,2025-08-27,Credit,3435.6
883,1071,2024-10-10,Credit,45992.49
884,313,2025-08-18,Debit,29776.46
885,1157,2025-12-24,Debit,49107.71
886,338,2024-06-29,Debit,9572.2
887,721,2025-04-25,Credit,1465.57
888,773,2025-04-13,Debit,9370.78
889,1397,2026-03-23,Debit,49223.93
890,839,2025-04-01,Credit,8919.08
891,285,2025-03-20,Debit,5718.45
892,276,2024-11-26,Credit,21603.6
893,262,2026-04-04,Debit,783.29
894,1136,2026-04-15,Credit,30078.3
895,374,2024-10-26,Credit,33320.85
896,554,2026-01-30,Credit,22263.23
897,176,2024-06-15,Debit,36270.67
898,1132,2024-08-19,Debit,44453.62
899,1404,2024-10-28,Debit,21663.23
900,1147,2025-07-01,Debit,30660.87
901,578,2024-05-27,Debit,43726.26
902,127,2025-08-12,Debit,30756.64
903,58,2024-10-27,Debit,19796.78
904,270,2024-05-12,Debit,43946.84
905,26,2024-11-21,Credit,23666.98
906,834,2024-05-01,Credit,43223.74
907,962,2025-03-04,Debit,44374.92
908,1472,2024-04-18,Credit,47972.95
909,273,2025-07-24,Credit,12765.69
910,1049,2025-04-04,Credit,18901.3
911,923,2025-02-28,Credit,16780.95
912,1236,2024-11-18,Debit,8811.98
913,942,2026-02-11,Credit,34918.97
914,873,2026-03-19,Credit,7356.41
915,822,2024-09-25,Debit,2531.63
916,1474,2025-05-22,Debit,44772.38
917,1474,2025-05-05,Debit,10003.81
918,1396,2024-12-29,Credit,12740.82
919,520,2025-09-18,Debit,20875.71
920,534,2025-05-15,Debit,44687.49
921,971,2024-07-06,Debit,47510.78
922,1169,2024-04-18,Credit,37838.06
923,529,2025-03-11,Credit,47657.84
924,51,2025-09-08,Credit,48268.28
925,244,2025-04-05,Debit,35709.61
926,1428,2025-10-13,Debit,7243.53
927,1171,2026-04-13,Debit,43324.56
928,1024,2025-10-24,Debit,12117.42
929,398,2024-06-16,Credit,29447.19
930,144,2024-12-22,Credit,5806.72
931,345,2024-06-14,Debit,8422.91
932,1306,2024-06-01,Credit,3234.33
933,765,2024-11-23,Credit,24521.77
934,1495,2025-02-28,Credit,43101.65
935,714,2025-08-21,Credit,48411.41
936,1186,2024-08-12,Credit,47139.14
937,1029,2025-02-22,Debit,48845.34
938,1496,2024-07-15,Debit,2760.12
939,1226,2025-11-27,Credit,17258.59
940,992,2025-01-08,Debit,8377.16
941,1310,2025-09-04,Debit,17437.63
942,406,2025-07-01,Credit,33123.28
943,597,2025-11-02,Debit,31265.96
944,164,2025-04-13,Credit,46585.22
945,684,2025-11-28,Credit,6516.93
946,358,2024-05-19,Credit,44065.35
947,806,2025-09-01,Credit,14583.44
948,567,2025-12-28,Credit,23191.76
949,34,2025-05-07,Credit,29649.77
950,1322,2025-09-17,Debit,47308.76
951,317,2025-07-30,Credit,13585.66
952,1477,2025-07-10,Debit,7670.87
953,1337,2024-09-18,Credit,46526.39
954,981,2025-04-12,Credit,27134.96
955,1039,2026-02-24,Debit,14995.47
956,259,2026-03-11,Debit,4800.05
957,223,2025-09-27,Debit,30039.39
958,1262,2026-02-01,Debit,13336.31
959,396,2025-08-08,Debit,20061.53
960,228,2025-01-06,Credit,27147.22
961,921,2024-05-07,Credit,46139.62
962,1259,2025-01-27,Debit,13380.82
963,119,2024-06-27,Debit,20722.33
964,1172,2025-03-12,Credit,14047.17
965,1475,2024-08-07,Debit,45791.02
966,698,2025-12-15,Debit,1377.2
967,329,2026-02-14,Debit,13255.91
968,1299,2025-03-03,Credit,24567.99
969,784,2025-09-06,Debit,19543.57
970,187,2025-01-02,Debit,30732.37
971,434,2025-12-14,Debit,23030.56
972,111,2024-11-13,Credit,37862.01
973,118,2025-02-19,Debit,24438.08
974,909,2025-09-14,Credit,18557.24
975,1483,2025-12-29,Debit,2603.46
976,935,2024-10-17,Credit,8637.53
977,1114,2026-03-28,Credit,3243.43
978,701,2025-01-22,Credit,29947.81
979,344,2025-03-04,Credit,3727.42
980,431,2024-07-17,Credit,1478.52
981,1392,2024-07-29,Debit,1683.27
982,397,2025-02-21,Credit,17990.01
983,449,2025-09-21,Credit,14293.45
984,202,2024-11-18,Debit,48532.04
985,1088,2025-07-22,Debit,2604.97
986,1420,2026-03-02,Credit,15694.41
987,484,2025-02-12,Debit,2830.62
988,896,2026-01-24,Debit,25042.51
989,948,2025-10-15,Debit,34903.91
990,1036,2024-12-18,Credit,2469.58
991,161,2025-06-02,Credit,12780.14
992,123,2025-02-25,Debit,3146.12
993,112,2025-01-16,Debit,11817.67
994,45,2025-03-02,Credit,41650.22
995,1319,2025-03-16,Credit,30222.37
996,480,2024-06-17,Debit,49447.27
997,9,2025-10-31,Credit,2467.53
998,260,2024-09-08,Credit,4753.39
999,1212,2024-05-20,Debit,5652.64
1000,1461,2025-11-03,Debit,32021.33
1001,1029,2024-10-06,Debit,29690.77
1002,701,2024-10-04,Debit,44131.4
1003,1004,2025-10-28,Debit,29123.06
1004,1121,2026-01-18,Debit,29663.6
1005,359,2024-08-08,Debit,28747.34
1006,606,2024-11-27,Credit,40538.81
1007,948,2026-04-09,Debit,2447.84
1008,151,2025-08-08,Debit,11498.08
1009,275,2024-10-09,Debit,41811.17
1010,566,2025-06-08,Credit,49735.36
1011,901,2025-06-15,Debit,38560.81
1012,545,2025-06-20,Debit,35399.97
1013,781,2024-07-04,Debit,33379.21
1014,497,2025-02-18,Credit,16917.52
1015,112,2024-05-01,Debit,2569.34
1016,208,2024-08-20,Debit,16117.62
1017,290,2024-06-19,Credit,32356.17
1018,1207,2025-04-26,Debit,25502.32
1019,255,2024-11-01,Debit,14467.08
1020,1289,2025-08-14,Credit,36220.11
1021,1132,2025-01-26,Debit,12580.48
1022,684,2026-03-01,Credit,15300.69
1023,254,2025-01-29,Credit,20165.41
1024,1259,2024-05-13,Credit,29506.11
1025,665,2025-04-08,Credit,4237.12
1026,944,2024-10-02,Debit,34880.8
1027,759,2024-07-21,Credit,48327.95
1028,553,2024-07-05,Debit,46908.71
1029,641,2024-05-14,Credit,41190.01
1030,358,2025-08-05,Debit,36892.32
1031,214,2025-09-07,Credit,30367.97
1032,1186,2026-02-28,Credit,19378.72
1033,431,2024-10-14,Credit,18429.26
1034,36,2024-12-07,Credit,27947.54
1035,1075,2025-07-18,Credit,31949.8
1036,378,2026-02-19,Debit,35141.69
1037,594,2024-12-17,Debit,8380.04
1038,1453,2024-06-03,Credit,17802.84
1039,282,2025-12-23,Credit,16751.16
1040,556,2025-05-20,Debit,37340.55
1041,528,2025-07-03,Credit,31507.25
1042,596,2025-10-23,Debit,29625.77
1043,1006,2025-02-25,Credit,14964.99
1044,1083,2026-04-06,Debit,6536.24
1045,815,2024-06-09,Credit,38717.68
1046,872,2025-04-29,Credit,20798.25
1047,1061,2026-02-22,Credit,33996.12
1048,488,2024-07-14,Credit,49775.55
1049,183,2024-08-11,Credit,13920.84
1050,599,2024-11-18,Credit,13736.43
1051,1283,2025-12-17,Credit,8890.72
1052,1097,2025-11-26,Credit,19467.3
1053,1387,2025-01-06,Debit,18058.73
1054,1404,2025-07-17,Credit,36582.59
1055,790,2026-03-22,Credit,27955.55
1056,57,2025-05-19,Debit,1652.07
1057,1368,2025-04-14,Credit,5404.66
1058,489,2024-07-14,Credit,21649.59
1059,1394,2024-09-15,Credit,28665.04
1060,983,2025-08-01,Credit,10096.68
1061,1086,2025-09-17,Credit,20138.84
1062,1061,2025-09-18,Credit,22834.85
1063,1143,2025-09-23,Credit,23264.58
1064,1086,2024-10-28,Credit,47362.74
1065,327,2024-07-20,Credit,33404.58
1066,1099,2026-01-09,Credit,736.82
1067,955,2025-08-02,Credit,15520.66
1068,495,2024-06-16,Credit,36904.44
1069,1252,2024-11-16,Credit,11968.91
1070,1065,2025-11-26,Credit,45574.22
1071,42,2025-05-30,Debit,25338.57
1072,1322,2025-09-07,Credit,34869.13
1073,658,2025-12-11,Debit,19713.88
1074,229,2025-09-21,Credit,36086.38
1075,643,2024-11-16,Credit,4211.91
1076,899,2026-03-18,Debit,10029.48
1077,534,2024-06-27,Credit,24036.32
1078,1005,2025-04-16,Debit,34490.74
1079,1322,2025-05-23,Credit,43232.94
1080,1240,2025-08-20,Debit,35940.39
1081,1437,2026-01-12,Debit,29523.18
1082,591,2024-10-04,Credit,42604.45
1083,1460,2025-10-10,Credit,14341.68
1084,696,2026-04-17,Credit,22694.51
1085,1044,2025-11-13,Credit,36986.19
1086,1025,2025-09-06,Credit,46509.32
1087,469,2025-12-27,Credit,48300.41
1088,1051,2025-09-09,Credit,8211.23
1089,629,2024-06-29,Debit,39643.92
1090,107,2024-05-10,Debit,40037.42
1091,1117,2025-04-12,Debit,42154.03
1092,957,2024-08-14,Credit,15150.52
1093,415,2026-02-10,Credit,40499.46
1094,1368,2025-09-04,Debit,24714.46
1095,1220,2024-07-19,Credit,36033.53
1096,1395,2026-04-17,Credit,43495.53
1097,858,2026-04-07,Debit,5718.48
1098,304,2026-03-02,Credit,16585.58
1099,1406,2026-01-09,Credit,36606.49
1100,30,2025-04-30,Credit,18382.78
1101,788,2026-02-16,Debit,47813.71
1102,434,2024-12-15,Credit,30393.36
1103,1269,2025-06-25,Credit,44588.03
1104,183,2025-12-24,Debit,5409.91
1105,260,2025-03-03,Debit,29303.77
1106,291,2026-03-29,Debit,44203.74
1107,127,2026-04-14,Debit,42234.87
1108,1439,2026-03-26,Credit,33811.16
1109,723,2024-04-28,Credit,6644.75
1110,944,2025-11-19,Debit,21345.83
1111,1449,2025-10-07,Credit,43390.27
1112,871,2024-04-28,Credit,23513.65
1113,1150,2025-01-05,Credit,17898.57
1114,1078,2025-11-07,Credit,43115.1
1115,279,2024-11-26,Credit,34978.17
1116,772,2024-09-29,Credit,13105.56
1117,662,2024-12-13,Debit,25323.28
1118,1346,2024-10-13,Credit,23943.89
1119,629,2025-12-06,Credit,48158.35
1120,100,2026-01-04,Credit,23784.8
1121,801,2024-09-12,Credit,11151.55
1122,1307,2026-03-22,Credit,35652.5
1123,1438,2025-03-08,Debit,34891.43
1124,331,2024-07-25,Credit,24839.92
1125,304,2026-01-18,Debit,42052.32
1126,660,2025-01-18,Debit,12926.21
1127,1455,2024-09-14,Debit,6827.27
1128,1061,2025-11-10,Debit,7231.94
1129,553,2025-05-23,Debit,12169.76
1130,832,2025-10-28,Credit,28576.27
1131,1388,2025-04-18,Credit,10623.94
1132,821,2025-12-21,Credit,27486.25
1133,1215,2024-11-23,Credit,31125.05
1134,1446,2024-11-25,Credit,13901.56
1135,1410,2025-01-08,Debit,38345
1136,1387,2025-03-25,Credit,15561.23
1137,950,2025-07-04,Credit,47682.41
1138,1314,2025-01-20,Credit,22073.46
1139,1480,2025-12-05,Debit,2129.38
1140,244,2024-10-26,Credit,33144.01
1141,1433,2025-06-03,Credit,34972.79
1142,722,2025-11-04,Debit,41710.65
1143,120,2024-12-23,Debit,2391.47
1144,1253,2025-04-03,Debit,1185.22
1145,1406,2025-05-12,Debit,44240.82
1146,981,2025-06-30,Debit,38655.35
1147,1117,2025-09-02,Credit,44796.42
1148,12,2025-04-24,Debit,31070.55
1149,1049,2024-10-16,Debit,47224.73
1150,768,2024-07-10,Credit,6360.8
1151,984,2024-04-19,Credit,1098.77
1152,86,2024-11-11,Credit,5588.87
1153,611,2024-07-10,Debit,33073.77
1154,424,2024-09-07,Credit,25002.78
1155,1479,2024-07-24,Credit,15761.69
1156,121,2025-04-23,Debit,28135.08
1157,260,2024-11-21,Credit,5813.07
1158,600,2025-08-17,Credit,18987.51
1159,90,2024-10-06,Debit,18720.67
1160,1066,2024-06-22,Credit,15789.24
1161,1382,2026-02-23,Debit,31763.18
1162,733,2024-04-21,Debit,30024.51
1163,803,2024-12-26,Credit,2160.86
1164,62,2024-10-27,Credit,10211.34
1165,1242,2025-03-22,Credit,35241.76
1166,1372,2025-02-02,Debit,1659.5
1167,568,2024-09-19,Credit,44906.42
1168,984,2025-07-07,Credit,5166.87
1169,1325,2024-07-02,Debit,6929.55
1170,1094,2025-04-16,Debit,30704.06
1171,372,2025-05-24,Debit,10848.98
1172,270,2025-05-25,Debit,11736.98
1173,1267,2025-08-01,Debit,24994.69
1174,644,2025-01-13,Credit,22617.34
1175,1290,2026-04-01,Debit,42530.73
1176,270,2024-09-27,Credit,30121.82
1177,1444,2026-01-22,Credit,12322.35
1178,257,2024-06-25,Debit,46117.12
1179,258,2025-04-04,Debit,38585.34
1180,956,2024-12-31,Credit,49736.64
1181,455,2026-02-13,Credit,49389.01
1182,1287,2025-02-12,Debit,12008.88
1183,74,2026-01-23,Credit,20150.92
1184,1376,2024-07-18,Credit,33081.78
1185,87,2024-08-23,Debit,40949.9
1186,560,2025-04-04,Credit,30316.92
1187,1305,2025-03-10,Credit,46818.45
1188,968,2024-05-31,Credit,18689.09
1189,51,2024-05-25,Debit,38374.11
1190,824,2025-06-06,Debit,43778.07
1191,656,2025-01-20,Credit,36131.5
1192,987,2025-05-06,Credit,42090.04
1193,63,2025-11-08,Credit,23533.96
1194,106,2024-06-03,Credit,45532.61
1195,711,2026-04-03,Credit,5478.09
1196,1065,2025-03-28,Debit,43316.33
1197,277,2024-11-23,Credit,12295.91
1198,1177,2024-06-04,Credit,13233.53
1199,723,2024-08-08,Credit,9439.19
1200,1484,2024-06-05,Credit,7281.34
1201,1336,2024-05-24,Debit,49552.86
1202,742,2026-01-10,Debit,14672.88
1203,737,2024-07-01,Debit,4940.02
1204,1288,2024-06-07,Debit,36008.39
1205,454,2025-04-07,Debit,35842.48
1206,1096,2025-04-12,Debit,45774.81
1207,69,2025-03-09,Debit,8265.51
1208,1221,2025-05-17,Credit,19602.33
1209,742,2024-05-24,Credit,49103.56
1210,475,2024-09-19,Credit,13379.59
1211,385,2025-08-02,Credit,10443.29
1212,1033,2025-03-20,Credit,41237.99
1213,540,2024-04-23,Debit,30086.29
1214,1491,2025-10-19,Debit,47976.7
1215,772,2024-09-25,Debit,41834.07
1216,10,2025-07-18,Credit,49581.58
1217,1335,2025-01-23,Debit,48985.92
1218,593,2024-09-29,Debit,39549.6
1219,850,2025-01-03,Credit,30169.67
1220,1365,2025-07-16,Debit,45489.02
1221,1454,2024-06-26,Debit,22310.42
1222,1311,2025-08-08,Credit,27061.41
1223,382,2025-05-01,Credit,24935.26
1224,40,2025-04-24,Debit,24897.93
1225,1066,2025-05-07,Credit,22730.64
1226,1015,2024-06-05,Debit,6887.33
1227,497,2024-11-19,Debit,33429.04
1228,1067,2026-04-07,Debit,46337.45
1229,1250,2024-12-02,Credit,2491.24
1230,731,2025-12-12,Debit,20958.39
1231,40,2024-07-14,Credit,26521.31
1232,1065,2024-04-23,Debit,25231.23
1233,183,2025-11-13,Credit,28756.08
1234,1495,2025-11-27,Credit,860.42
1235,1125,2025-05-19,Debit,28714.8
1236,745,2025-05-05,Credit,49024.91
1237,414,2025-06-03,Credit,37621.42
1238,472,2025-04-30,Credit,37314.04
1239,1269,2024-10-28,Credit,34973.97
1240,2,2025-01-31,Debit,28704.86
1241,372,2025-01-04,Debit,30050.94
1242,1397,2024-06-25,Debit,20987.66
1243,352,2025-05-16,Credit,37658.12
1244,523,2024-10-16,Credit,42772.79
1245,407,2025-05-19,Debit,12074.92
1246,703,2026-03-31,Debit,36339.62
1247,996,2025-12-14,Credit,24160.62
1248,361,2024-12-03,Credit,5812.88
1249,920,2025-05-11,Debit,34471.78
1250,191,2024-09-29,Credit,43468.65
1251,1217,2025-09-22,Debit,39795.43
1252,1451,2024-11-20,Debit,6041.36
1253,669,2025-05-21,Credit,37634.41
1254,955,2024-07-15,Credit,44069.04
1255,166,2024-11-20,Debit,46879.54
1256,906,2024-06-03,Debit,31032.39
1257,1312,2025-04-14,Credit,7713.37
1258,175,2024-06-29,Debit,47981.28
1259,1281,2025-02-26,Debit,4550.43
1260,1150,2024-06-29,Debit,39292.61
1261,567,2025-03-27,Debit,35234.24
1262,945,2026-03-04,Debit,26693.08
1263,1050,2025-09-04,Debit,26257.9
1264,98,2025-09-16,Credit,10419.57
1265,1124,2024-06-04,Credit,44836.69
1266,829,2024-04-23,Debit,16951.69
1267,689,2026-01-14,Credit,2266.82
1268,806,2024-10-04,Debit,16854.13
1269,786,2026-02-21,Credit,12324.33
1270,193,2026-03-09,Credit,17253.13
1271,397,2025-02-28,Debit,1740
1272,1173,2025-06-13,Debit,44696.21
1273,1140,2024-08-24,Credit,34475.28
1274,884,2026-03-15,Debit,31919.56
1275,459,2024-08-17,Credit,16114.42
1276,505,2026-01-24,Credit,19467.34
1277,1407,2025-02-14,Credit,40384.39
1278,235,2025-06-03,Credit,35029.65
1279,476,2025-12-19,Debit,29204.72
1280,1292,2025-07-12,Debit,49466.65
1281,565,2024-04-25,Credit,43505.77
1282,171,2025-08-16,Debit,12801.1
1283,896,2025-07-28,Debit,14947.55
1284,898,2025-03-06,Debit,21586.93
1285,4,2024-12-28,Credit,28443.4
1286,824,2025-07-08,Credit,21055.06
1287,994,2024-04-20,Debit,31651.04
1288,16,2025-05-27,Debit,26591.19
1289,672,2026-02-14,Credit,43792.49
1290,748,2026-04-11,Debit,48978.17
1291,1495,2025-09-21,Debit,34732.32
1292,85,2024-07-03,Debit,36115.44
1293,169,2025-11-13,Debit,23459.4
1294,1018,2025-06-30,Credit,17391.43
1295,112,2025-04-24,Debit,20014.71
1296,578,2026-02-05,Debit,1656.92
1297,1137,2025-03-15,Debit,11505.37
1298,152,2024-10-29,Debit,45848.67
1299,945,2025-09-30,Credit,35443.49
1300,1331,2025-12-12,Debit,17639.52
1301,1484,2025-09-09,Debit,28707.71
1302,590,2025-04-04,Debit,29544.68
1303,676,2025-08-25,Debit,37948.36
1304,980,2025-07-28,Credit,1405.58
1305,695,2025-11-17,Debit,32713.12
1306,845,2024-08-13,Debit,30535.18
1307,225,2024-08-28,Debit,30178.09
1308,440,2025-08-04,Credit,17973.95
1309,1292,2024-08-28,Credit,11245.84
1310,95,2025-02-09,Debit,49584.35
1311,918,2024-06-30,Credit,40116.25
1312,256,2025-10-17,Debit,23948.6
1313,692,2025-10-10,Debit,39891.83
1314,1322,2024-04-28,Credit,24470.71
1315,420,2025-11-17,Credit,47163.02
1316,403,2026-01-06,Debit,2664.29
1317,1456,2024-05-10,Debit,1382.99
1318,684,2024-11-23,Debit,35759.63
1319,823,2026-02-08,Debit,40555.47
1320,1242,2025-02-12,Credit,31594.92
1321,15,2025-01-18,Credit,18042.72
1322,1283,2026-03-01,Credit,41240.56
1323,1033,2026-01-21,Debit,10434.11
1324,163,2025-11-24,Credit,32021.77
1325,1283,2026-01-17,Credit,11851.83
1326,427,2025-12-18,Debit,29021.51
1327,225,2024-05-23,Credit,4198.32
1328,1239,2025-01-29,Credit,27347.76
1329,175,2024-06-16,Debit,46037.67
1330,882,2024-07-22,Debit,46375.43
1331,1428,2024-12-29,Credit,27386.49
1332,510,2026-03-28,Debit,47522.33
1333,1346,2024-11-08,Credit,33826.43
1334,663,2026-02-05,Credit,408.78
1335,692,2025-04-26,Debit,2987.47
1336,633,2024-12-13,Debit,14438.78
1337,1262,2025-08-12,Debit,30262.82
1338,624,2026-01-09,Debit,14333.57
1339,1488,2025-08-26,Credit,9283.74
1340,64,2025-06-23,Credit,31462.55
1341,154,2026-02-09,Credit,45029.85
1342,385,2024-08-11,Debit,29068.42
1343,827,2026-01-19,Credit,18251.11
1344,489,2026-01-21,Debit,14202.2
1345,820,2025-11-24,Credit,35129.97
1346,771,2026-01-18,Debit,31814.57
1347,1416,2026-02-07,Credit,26223.14
1348,1103,2025-10-02,Debit,46322.01
1349,544,2025-03-10,Credit,17024.05
1350,1100,2024-12-20,Debit,16628.77
1351,1149,2025-09-24,Debit,30817.68
1352,645,2025-10-28,Debit,12594.14
1353,1139,2025-04-18,Debit,5604.88
1354,1078,2025-11-29,Debit,25640.24
1355,1381,2026-03-30,Debit,37634.88
1356,286,2025-06-08,Credit,4062.86
1357,1465,2024-07-20,Debit,43565.17
1358,677,2025-09-17,Debit,37132.45
1359,1491,2025-03-06,Debit,28380.81
1360,1198,2025-02-14,Credit,6578.56
1361,884,2024-12-19,Debit,18709.5
1362,1452,2024-11-22,Credit,6448.57
1363,992,2026-03-23,Debit,45030.32
1364,1475,2024-12-15,Credit,28191.87
1365,158,2024-11-28,Credit,4715.89
1366,783,2026-03-09,Credit,27686.8
1367,868,2025-07-22,Debit,12547.23
1368,340,2024-06-07,Credit,832.64
1369,831,2024-07-21,Credit,14761.94
1370,1319,2026-03-08,Debit,19919.71
1371,617,2025-09-11,Debit,30613.76
1372,372,2025-09-16,Credit,16734.68
1373,19,2025-10-02,Debit,2023.73
1374,579,2024-12-26,Debit,7644.54
1375,311,2024-11-21,Credit,43512.42
1376,1211,2026-01-03,Credit,12126.37
1377,239,2025-06-24,Credit,26895.37
1378,471,2025-07-25,Credit,21773.89
1379,551,2024-11-27,Credit,36665.64
1380,967,2026-02-15,Credit,2751.48
1381,98,2024-07-03,Credit,48949.06
1382,88,2024-08-29,Credit,1293.92
1383,1345,2025-07-09,Debit,11713.6
1384,1220,2026-03-26,Debit,46260.63
1385,426,2024-11-29,Debit,20340.85
1386,1336,2024-10-21,Debit,46012.09
1387,1368,2025-10-18,Credit,21366.54
1388,1171,2024-12-16,Debit,35849.54
1389,1304,2025-07-23,Debit,8740.72
1390,103,2024-07-31,Credit,13640.4
1391,1030,2025-07-29,Debit,41255.56
1392,283,2025-10-30,Credit,31540.52
1393,1390,2025-04-05,Debit,21864.44
1394,447,2024-11-01,Credit,38142.98
1395,1087,2025-01-30,Credit,39268.95
1396,1195,2024-08-11,Credit,32513.78
1397,473,2026-01-20,Credit,13532.76
1398,1146,2025-07-14,Debit,480.8
1399,37,2025-06-07,Credit,30294.41
1400,1279,2024-08-16,Debit,20186.64
1401,407,2025-05-30,Credit,2449.19
1402,239,2025-12-25,Credit,45010.22
1403,1224,2024-11-03,Credit,23033.15
1404,600,2026-04-02,Credit,41692.3
1405,707,2025-10-01,Credit,15016.91
1406,344,2026-04-02,Debit,48433.2
1407,677,2025-02-22,Debit,19270.62
1408,1144,2025-03-07,Credit,17973.38
1409,1201,2024-06-20,Debit,39442.99
1410,1250,2024-07-13,Credit,25373.87
1411,1463,2024-08-03,Debit,19318.04
1412,494,2025-04-23,Credit,16342.78
1413,1231,2026-03-07,Debit,2628.93
1414,815,2024-06-27,Credit,47387.12
1415,414,2025-08-24,Debit,17111.56
1416,35,2024-09-22,Debit,26008.84
1417,86,2024-09-01,Credit,3870.25
1418,409,2024-12-12,Credit,13111.16
1419,1286,2026-03-26,Credit,33633.96
1420,407,2024-05-06,Debit,45312.66
1421,929,2025-04-15,Debit,3301.91
1422,894,2026-01-30,Debit,27286.52
1423,580,2024-06-29,Debit,5294.47
1424,368,2025-12-18,Credit,16081.34
1425,1181,2025-10-04,Debit,19388.84
1426,1153,2024-09-25,Credit,30969.14
1427,1110,2024-08-11,Debit,35997.4
1428,1481,2025-01-15,Credit,13188.56
1429,1417,2025-09-21,Credit,17280.53
1430,1416,2025-05-15,Credit,3933.41
1431,999,2025-07-12,Credit,14002.97
1432,889,2024-10-03,Debit,35630.61
1433,700,2025-11-18,Debit,31943.2
1434,362,2025-04-28,Credit,43052.31
1435,1241,2025-06-27,Debit,28193.17
1436,1313,2026-03-10,Credit,39462.44
1437,1110,2025-08-10,Credit,9931.48
1438,587,2025-06-26,Credit,35385.56
1439,1253,2026-03-04,Debit,40049.31
1440,273,2025-12-17,Credit,18425.43
1441,1072,2025-02-23,Debit,14700.79
1442,739,2025-08-16,Credit,23008.58
1443,1304,2025-07-15,Debit,28573.16
1444,989,2024-05-29,Credit,39475.16
1445,93,2025-09-24,Credit,31896.51
1446,3,2025-12-08,Debit,26131.93
1447,1005,2025-05-19,Credit,2090.88
1448,1078,2024-11-03,Debit,24408.06
1449,400,2025-08-23,Credit,27294.35
1450,916,2025-05-13,Debit,9606.05
1451,404,2024-07-21,Debit,15732.26
1452,203,2025-03-06,Debit,29262.59
1453,978,2025-12-28,Debit,36344.2
1454,1285,2024-11-25,Debit,3148.54
1455,355,2024-05-20,Debit,29205.78
1456,99,2024-09-20,Credit,28799.66
1457,646,2024-04-29,Debit,30064.98
1458,175,2025-01-25,Credit,30311.72
1459,848,2026-04-13,Credit,11484.22
1460,697,2024-11-30,Debit,11243.36
1461,961,2025-03-08,Credit,40140.89
1462,1138,2025-07-04,Credit,20398.21
1463,1268,2025-12-20,Debit,19374.74
1464,682,2025-06-04,Debit,37369.52
1465,1432,2024-10-22,Debit,12507.66
1466,399,2024-12-24,Credit,48275.99
1467,1161,2025-03-31,Credit,39096.21
1468,838,2026-01-08,Credit,26333.65
1469,1196,2025-02-10,Debit,45728.19
1470,777,2025-11-08,Credit,18609.25
1471,965,2025-11-10,Credit,25646.41
1472,369,2025-10-01,Credit,38838.08
1473,192,2024-07-31,Debit,40895.32
1474,1298,2025-05-15,Debit,20215.44
1475,463,2024-07-22,Credit,1584.65
1476,878,2025-01-31,Debit,22429.36
1477,212,2025-05-28,Debit,25581.74
1478,205,2025-12-22,Debit,36075.45
1479,1131,2024-12-23,Debit,37538.45
1480,97,2024-06-20,Credit,1898.16
1481,1247,2024-10-24,Debit,43414.82
1482,292,2024-07-31,Credit,8604.47
1483,703,2025-06-18,Credit,5737.67
1484,317,2024-12-30,Debit,20596.49
1485,1410,2025-05-28,Credit,44326.51
1486,885,2024-07-20,Debit,37379.09
1487,554,2025-02-24,Debit,10519.96
1488,399,2024-06-11,Credit,24495.13
1489,457,2025-09-05,Credit,22466.42
1490,681,2024-04-30,Debit,15804.67
1491,798,2024-08-21,Debit,38424.13
1492,70,2025-02-08,Credit,17376.18
1493,426,2025-04-10,Debit,4531.92
1494,861,2025-12-05,Credit,9542.23
1495,517,2025-01-01,Debit,31012.47
1496,1448,2024-11-04,Debit,13999.02
1497,74,2026-04-01,Credit,39906.78
1498,717,2024-09-07,Credit,29022.24
1499,1159,2024-10-10,Debit,29499.06
1500,804,2025-12-07,Debit,37782.86
